PersonKey,SourceUserId,Name,Email,PrimaryRoleSource
1,264cc578-731b-4b5b-a862-23bae43c9aac,Aaron Bennett,aaron.bennett@example.org,Modifier
2,fd6f8226-545f-4d36-a2c9-42aacf9924a9,Aaron Blake,aaron.blake@example.org,Contributor
3,7c6f5c2d-8909-4162-a4be-7807f9f5f7c1,Aaron Clarke,aaron.clarke@example.org,Contributor
4,1ab0df1f-6589-488a-9384-aa2fc92899d5,Abbie Bell,abbie.bell@example.org,Contributor
5,6e7199a3-052a-4f25-8289-fa803060bfc8,Abbie Brown,abbie.brown@example.org,Contributor
6,2991991d-9308-48c3-9a70-a1cbcbee4afd,Abbie Whittaker,abbie.whittaker@example.org,Contributor
7,827952aa-ddb1-46a9-83c0-160cb08e66a9,Abbie Williams,abbie.williams@example.org,Contributor
8,cc4771ca-1a82-4877-8bce-67e22c2d48da,Abdul Barrett,abdul.barrett@example.org,Modifier
9,b5752ece-1adb-425f-bcee-579908f2c306,Abdul Ellis,abdul.ellis@example.org,Contributor
10,619c8f99-d7ca-403d-ab26-838e3f29facd,Abdul Fletcher,abdul.fletcher@example.org,Owner
11,9c5a4b8a-1d54-45ac-b359-a54ddcd59769,Abigail Ball,abigail.ball@example.org,Contributor
12,4732eb7a-884d-4bee-b827-3a0aae6aa5aa,Abigail Davey,abigail.davey@example.org,Contributor
13,d7786708-3ffc-4a5c-8324-16615ec40065,Abigail Hayes,abigail.hayes@example.org,Contributor
14,17f0ec5f-b0e1-4cc5-a361-dac780fa10c0,Abigail Lewis,abigail.lewis@example.org,Modifier
15,29a4c9aa-edb4-4231-b3c6-9fafe48372cf,Abigail Sims,abigail.sims@example.org,Owner
16,7a20e402-ffbc-4768-8aef-cc5753a50b5d,Adrian Harris,adrian.harris@example.org,Modifier
17,94a2e52f-6aa7-4e9c-a73f-4d198862e04e,Adrian Williamson,adrian.williamson@example.org,Owner
18,2680b3f3-89c9-4fa0-a375-e80af99d7f5e,Aimee Reynolds,aimee.reynolds@example.org,Owner
19,9020bb6f-d961-4cbb-9032-68a6f9040123,Alan Griffiths,alan.griffiths@example.org,Modifier
20,9ab01b68-219d-48dc-b6a1-ae3b4f8db870,Alan Potts,alan.potts@example.org,Modifier
21,eeb4cb10-af9d-49bb-9705-941de00d8aec,Alan Sykes,alan.sykes@example.org,Contributor
22,7a904c49-5604-4402-a1eb-7d0345bff559,Alex Cook,alex.cook@example.org,Contributor
23,bc48206d-4a94-407d-aab4-378a45ef724e,Alex Lewis,alex.lewis@example.org,Owner
24,6a9b7c28-860c-487c-be2e-3ef442c7020c,Alex Webb,alex.webb@example.org,Contributor
25,c0bb3157-263e-4e96-af83-54127c136986,Alexandra Nicholls,alexandra.nicholls@example.org,Contributor
26,59b74781-f655-4cfb-894d-3eacd348e0ae,Alice Clarke,alice.clarke@example.org,Owner
27,84ee5351-f1b5-4480-9647-25f806a37954,Alice Gilbert,alice.gilbert@example.org,Modifier
28,51ec8d6d-eb07-45ab-a288-5eb3bc901a4f,Alison Shaw,alison.shaw@example.org,Owner
29,1dd3e758-b88e-40c7-9c5e-19dd4ef9a155,Alison Walker,alison.walker@example.org,Contributor
30,02cffb5f-2ff2-4362-967b-e8cf599eda4e,Allan Kennedy,allan.kennedy@example.org,Contributor
31,830ae1ca-87f6-4e45-8d8b-7cb3aaf7267b,Amanda Smith,amanda.smith@example.org,Modifier
32,a43c481f-c507-4db0-8200-5137e5494a04,Amanda Wilson,amanda.wilson@example.org,Contributor
33,5cf0e146-cf88-437f-bd87-9413a4277218,Amber Walker,amber.walker@example.org,Modifier
34,933a5db9-dc85-4cc0-a807-2d93d15ddcac,Amelia Bryant,amelia.bryant@example.org,Owner
35,7599ffd0-9432-4c3a-a010-25f8294667fd,Amelia Finch,amelia.finch@example.org,Owner
36,6935ae25-f816-4dd6-8365-0d629a8f2278,Amy O'Donnell,amy.o'donnell@example.org,Modifier
37,183a4111-c631-4287-b292-d7345359e15e,Amy Robinson,amy.robinson@example.org,Owner
38,a1e98f40-a7db-43ac-beef-54dbb4088e6b,Andrew Harrison,andrew.harrison@example.org,Modifier
39,2c5c155d-73dd-4838-8ed9-bbcd8a98a11a,Andrew Jenkins,andrew.jenkins@example.org,Owner
40,559a0d75-6154-4178-846e-46b6d8f76c1b,Andrew Jones,andrew.jones@example.org,Owner
41,2049c32c-99b0-4f9d-9ea3-414a28ce67f3,Andrew Parker,andrew.parker@example.org,Owner
42,2ac1fb3f-5a12-4901-b17d-754eb54baa14,Andrew Reed,andrew.reed@example.org,Owner
43,997f51ac-2a30-4234-b84e-82af05e27680,Angela Hayes,angela.hayes@example.org,Contributor
44,631c990b-5dba-4f3a-b457-a6127163a910,Angela Walker,angela.walker@example.org,Modifier
45,9202c077-4dbd-466b-86b9-c3b967abd674,Angela White,angela.white@example.org,Contributor
46,4ee02e96-6e29-4ba9-86ba-6fdab527a5e2,Ann Morris,ann.morris@example.org,Contributor
47,d60fe955-cfde-4f31-ac76-da7adfc2c34e,Ann Morton,ann.morton@example.org,Contributor
48,723f8faa-5816-4e9d-a2db-5e5af05ef0db,Anna Simpson,anna.simpson@example.org,Contributor
49,b2cd48ea-6623-4802-9732-a9a571456b4c,Anna Thornton,anna.thornton@example.org,Modifier
50,722820fe-939f-445e-810c-8e02cb511365,Anne Hill,anne.hill@example.org,Owner
51,0b4f5904-27f9-4867-9544-81debb5786d1,Annette Bryan,annette.bryan@example.org,Owner
52,3363c133-8dd2-4442-a1b2-c9bb74037d22,Anthony Whitehead,anthony.whitehead@example.org,Owner
53,8211bf56-eefc-401e-af32-b61f02c68e69,Antony Jones,antony.jones@example.org,Contributor
54,615dd64b-b8e3-4f6b-87db-518afb3fb828,Arthur Foster,arthur.foster@example.org,Owner
55,de22165a-0a41-447f-8c23-9701949ae1e0,Arthur Rogers,arthur.rogers@example.org,Owner
56,69eae349-b33f-4a92-9c9c-9b316611580d,Ashleigh Anderson,ashleigh.anderson@example.org,Owner
57,46d6502b-14b6-49bb-bb9c-13e34ce964f0,Ashley Baker,ashley.baker@example.org,Owner
58,1c4530f4-79e1-4805-aefe-b1241ec5f48c,Barbara Iqbal,barbara.iqbal@example.org,Owner
59,cd919929-c841-413f-9c2a-6ad67126ed31,Barbara Wallace,barbara.wallace@example.org,Contributor
60,0356204c-02e7-4fe3-909f-84d5777a2d93,Barry Davies,barry.davies@example.org,Contributor
61,6b8fed78-1d1d-451e-a23e-8691a8aa8ce7,Barry Moran,barry.moran@example.org,Contributor
62,8d157a02-cffa-4e9f-af30-d81b4588dd24,Ben Harrison,ben.harrison@example.org,Modifier
63,96b76116-caa1-4e71-8db2-5f9a816cbccc,Benjamin Cox,benjamin.cox@example.org,Contributor
64,ab96ae06-5908-4928-8705-3bc7a30635d2,Benjamin Ellis,benjamin.ellis@example.org,Modifier
65,a059bc24-f55f-44db-84b0-2e519f648ac2,Benjamin Hughes,benjamin.hughes@example.org,Owner
66,4d62cc78-3b0a-4dce-acf8-553da11976e2,Benjamin Miah,benjamin.miah@example.org,Contributor
67,8bf3bc61-c373-48b2-ab3c-9883bca1b1c6,Benjamin Myers,benjamin.myers@example.org,Contributor
68,2faaa4a0-da44-4d49-ade5-4d66a1855872,Benjamin Smith,benjamin.smith@example.org,Modifier
69,b9ca335a-f1f0-439c-af05-8d199aabe0ff,Bernard Bond,bernard.bond@example.org,Contributor
70,2677c71a-8e83-491f-85d7-563059456674,Bernard Brown,bernard.brown@example.org,Owner
71,5848cc43-2bc5-4678-a073-53ff8ae5ef0d,Bernard Griffin,bernard.griffin@example.org,Contributor
72,da58c5e2-8cfe-433e-8a42-331b17ee3f58,Bernard Reynolds,bernard.reynolds@example.org,Owner
73,8309d08f-0bf9-4b8f-8361-82d647e13bad,Bernard White,bernard.white@example.org,Owner
74,f476b6b9-e3b0-4b03-9bf9-ac075bd44331,Beth Clark,beth.clark@example.org,Owner
75,11bdf2d4-716b-4345-b070-333bbdbb391e,Bethan Coleman,bethan.coleman@example.org,Owner
76,aa90a2db-2773-48ea-aed7-a7a79bd919b7,Bethan Collins,bethan.collins@example.org,Owner
77,13dc767f-7581-4075-a0df-be028c715c54,Bethan Davies,bethan.davies@example.org,Owner
78,3936df46-36ee-422b-b903-96ea28fa7b34,Bethan Khan,bethan.khan@example.org,Owner
79,448a5b14-c70b-4659-8d2a-a97397c1fed0,Bethan West,bethan.west@example.org,Contributor
80,35c3b8f3-6df6-4d06-b60e-940f411bdb32,Bethany Knight,bethany.knight@example.org,Contributor
81,4bcb21ca-dc43-4543-997d-bbfe87e21299,Bethany Martin,bethany.martin@example.org,Modifier
82,8ca24fe0-3724-47a6-9358-599d05db4dee,Bethany Turner,bethany.turner@example.org,Owner
83,9c725919-a5d1-4ab9-982c-7f9cccdf9f93,Beverley Andrews,beverley.andrews@example.org,Modifier
84,6cc56885-b71b-461f-b6cd-60501fd415be,Beverley Mann,beverley.mann@example.org,Contributor
85,f5a6a27a-6be1-407b-8e6c-e99a851b31cc,Billy Barnes,billy.barnes@example.org,Owner
86,90f49d6e-6a81-4512-8af5-63b00735aa2c,Billy Clayton,billy.clayton@example.org,Contributor
87,50a1e6ad-f199-4618-abca-0c45f036b5ea,Billy Hunter,billy.hunter@example.org,Owner
88,ecc14d07-d0ff-467d-9b72-9e545526bfa0,Bradley Carr,bradley.carr@example.org,Contributor
89,1d55793d-862a-4f95-b238-3cd51cf230ff,Bradley Price,bradley.price@example.org,Contributor
90,f4004faa-2457-4b92-a578-819a102c14d4,Brandon Bailey,brandon.bailey@example.org,Contributor
91,97a2113d-ad8c-404f-9791-c6e1d7a14dc4,Brandon Davis,brandon.davis@example.org,Owner
92,d5f22428-f68a-4c56-9212-d5b0dfbf83be,Brandon Fox,brandon.fox@example.org,Owner
93,b70a6f6d-9b64-427f-8dac-ebf4df8f4791,Brandon Stevenson,brandon.stevenson@example.org,Owner
94,db60c2c6-aafb-44b5-bc9f-4fbf9e389738,Brenda Pritchard,brenda.pritchard@example.org,Modifier
95,d71200f8-c46f-48ae-8449-b732783d63d2,Brenda Roberts,brenda.roberts@example.org,Owner
96,48eabdbe-b48b-41ca-b208-7110a5b8527c,Brenda Smith,brenda.smith@example.org,Owner
97,77c837fa-60ad-4448-8334-cbb0d09d4c34,Brett Davies,brett.davies@example.org,Contributor
98,e351e199-4676-4258-873c-ad026838e38b,Brett Edwards,brett.edwards@example.org,Owner
99,1ed24a78-ef2b-4957-8723-45ac4adeab89,Brett Gibbs,brett.gibbs@example.org,Modifier
100,3b0142b8-91fb-4296-bc3a-c03a528b5306,Brett Sharp,brett.sharp@example.org,Owner
101,fe477f73-0361-42a7-b40c-4b0f2889ef07,Brett Turner,brett.turner@example.org,Owner
102,e1121939-484d-4ca3-bf1d-8b8252ba4db9,Brian Chapman,brian.chapman@example.org,Owner
103,6ea4db92-5df9-4d60-ac54-59b0f2162fed,Brian O'Neill,brian.o'neill@example.org,Owner
104,b755c371-80e3-44db-904b-81ef2071bbfd,Brian Whittaker,brian.whittaker@example.org,Modifier
105,8bd8c413-15a4-4921-bd6f-cf98ccd5641a,Bruce Clarke,bruce.clarke@example.org,Contributor
106,2e4d983f-2752-4f41-b1b2-a9e5028ae343,Bruce Marshall,bruce.marshall@example.org,Owner
107,8d15cabe-a158-45dd-ac14-28951f445c5f,Bruce Owens,bruce.owens@example.org,Owner
108,6789a8ba-7110-4bb8-a1f0-e67938b41da1,Bryan Brown,bryan.brown@example.org,Contributor
109,87de042e-4565-4eef-8d46-abfbe3ab575a,Bryan Thomas,bryan.thomas@example.org,Contributor
110,9f1cfdea-faeb-43d0-b317-f387e86e73e4,Callum Vincent,callum.vincent@example.org,Owner
111,844a7784-c408-4660-836e-fad009e156c3,Callum Walton,callum.walton@example.org,Owner
112,b8aac4b4-824f-4b05-b61e-41c0204d573f,Callum Young,callum.young@example.org,Contributor
113,069e2796-1ba5-42c3-a5f0-ea4a7da66e4a,Cameron Lewis,cameron.lewis@example.org,Owner
114,5993d10c-7b2f-4e78-b303-57af6ecd3db9,Carl Nicholls,carl.nicholls@example.org,Owner
115,52bf2b1b-862d-462c-b984-8983fdc0c92d,Carl Wood,carl.wood@example.org,Modifier
116,59340e6c-2b50-4415-98a9-709fb3aee8bd,Carly Jackson,carly.jackson@example.org,Modifier
117,0e749195-01c0-4ec8-9f7d-ee1eee5e7242,Carly Sharp,carly.sharp@example.org,Owner
118,821664c7-210e-41fe-95ab-b72b2f04774a,Carly Wilson,carly.wilson@example.org,Contributor
119,b85d6dec-0154-485c-930c-e907e86c2ead,Carol Walters,carol.walters@example.org,Modifier
120,672b1a2b-5e50-4622-8ae9-712679ffcbe1,Carole Gill,carole.gill@example.org,Owner
121,482b5a07-87d4-4547-ba6e-878a8de168b5,Carole Hart,carole.hart@example.org,Contributor
122,71d1381f-d35e-4aac-be89-76d2bfc321ad,Carole Martin,carole.martin@example.org,Contributor
123,ea01b79a-8b59-44b5-a532-97a013b8c50e,Carole Matthews,carole.matthews@example.org,Contributor
124,a5194674-5bab-47aa-8b61-63a80d047655,Carole Miah,carole.miah@example.org,Contributor
125,7fff1ba5-3d97-4af8-84f3-edca69f83147,Carole Woods,carole.woods@example.org,Contributor
126,8df3281f-82b1-4f8c-ae65-debbec04c8c0,Caroline Burgess,caroline.burgess@example.org,Contributor
127,d47b0bef-21f8-4126-9e41-bedffe274216,Caroline Hussain,caroline.hussain@example.org,Owner
128,26757cdf-173b-4981-af1e-12e504fb8873,Caroline King,caroline.king@example.org,Contributor
129,4263b458-fc84-411b-8ebf-fcb4e4898657,Caroline King,caroline.king@example.org,Modifier
130,87913bc2-de6f-49b2-a488-2f9dddede457,Caroline Pearson,caroline.pearson@example.org,Contributor
131,298436ad-e60e-4823-8f63-ee4a8d5f11ea,Carolyn Lowe,carolyn.lowe@example.org,Contributor
132,ae093f27-dc9a-4360-b600-145bdbebba77,Catherine Brown,catherine.brown@example.org,Contributor
133,bb502e9d-1d38-4958-9e19-b8546365900e,Catherine Gibbons,catherine.gibbons@example.org,Owner
134,d4061016-7758-4118-a591-a36547df27f8,Catherine Green,catherine.green@example.org,Owner
135,4aa293ce-d362-4c49-86c7-688740900406,Catherine Lawrence,catherine.lawrence@example.org,Contributor
136,a665113c-b2d0-45fa-bea2-437814e69540,Catherine Martin,catherine.martin@example.org,Owner
137,36387680-94e0-44e6-b3fd-de776965e28d,Catherine Wallis,catherine.wallis@example.org,Modifier
138,f226c597-c1fc-432e-89f6-862fc0219a9c,Charlene Hall,charlene.hall@example.org,Contributor
139,0d0fdff6-2e9c-45cd-a89d-def23e37a95c,Charles Charlton,charles.charlton@example.org,Modifier
140,3071a589-4991-489c-b43e-32813001f1bf,Charles Smith,charles.smith@example.org,Contributor
141,42fb074d-5dc1-4d3d-9484-70314c19ceb7,Charles Walters,charles.walters@example.org,Modifier
142,dccbc953-681d-4f37-b0f5-aa8c4986cdca,Charles Watson,charles.watson@example.org,Owner
143,b7bd66e3-2422-45b6-a0d1-f39b87b9d11c,Charles White,charles.white@example.org,Owner
144,2a563c31-4304-4032-a10f-10c275f666fb,Charlie Mills,charlie.mills@example.org,Modifier
145,89e0d2e1-69b9-477e-8cab-4b0e62eefa8d,Charlie Patel,charlie.patel@example.org,Owner
146,0bdb2046-94ed-4708-8ef5-b0ae051d0339,Charlie Williamson,charlie.williamson@example.org,Owner
147,46bac95a-ff91-4b47-be26-ea91e4632d4f,Charlotte Hughes,charlotte.hughes@example.org,Contributor
148,b3202283-f4df-4441-aac8-4560b09dc554,Chelsea Kelly,chelsea.kelly@example.org,Modifier
149,7142ecc4-394f-4589-bd0b-aa41826ad085,Chelsea Lee,chelsea.lee@example.org,Contributor
150,5f5613ce-6014-4d02-bff7-cc78a1151835,Cheryl Burns,cheryl.burns@example.org,Owner
151,9a8c5970-5383-45c9-897e-f83b4d9dfbb6,Cheryl Knight,cheryl.knight@example.org,Contributor
152,df7d9e4b-c53b-49cb-86d6-422ec3e9e004,Cheryl Taylor,cheryl.taylor@example.org,Contributor
153,5fb200a5-414d-452e-9a3c-42cfad1af6f8,Chloe Dawson,chloe.dawson@example.org,Contributor
154,814d925a-a4fc-47ec-8f59-c916197589d6,Christian Brennan,christian.brennan@example.org,Contributor
155,3c05af05-1b02-401d-93c9-66f64af132ed,Christine Kaur,christine.kaur@example.org,Owner
156,be9cd9ca-59c0-4a82-b438-f5da72f9f2ad,Christopher Mitchell,christopher.mitchell@example.org,Owner
157,0a1864d6-f925-4876-aa96-0a5cdcdc1b43,Christopher Osborne,christopher.osborne@example.org,Modifier
158,23f29710-391c-4dc7-ba7e-d46eef57e66e,Christopher Rowe,christopher.rowe@example.org,Contributor
159,52551f13-d7aa-4761-bf8b-7c630216cb8e,Claire Preston,claire.preston@example.org,Modifier
160,c04f3e0e-01fd-48af-beee-e0f19670b678,Claire Woods,claire.woods@example.org,Owner
161,7e3defea-3776-4a52-99af-7d335d44a95e,Clare Clark,clare.clark@example.org,Contributor
162,f5862a10-31f0-45ad-a73e-9600f598d35c,Clare James,clare.james@example.org,Contributor
163,6a8201a2-2d98-4b5a-9b2a-b59c1e1245bd,Clifford Holden,clifford.holden@example.org,Contributor
164,8a90cdd0-dc52-47a1-b638-f1909b22391b,Clifford Holt,clifford.holt@example.org,Owner
165,d8989902-7a83-4e35-b7fd-7f147b623cfb,Clifford Stephens,clifford.stephens@example.org,Contributor
166,717ac0f7-d43a-45a2-b9f0-daa3f1f0e40d,Clive Russell,clive.russell@example.org,Contributor
167,0ff45a63-fe9a-4070-936e-7af833f8ea75,Colin Metcalfe,colin.metcalfe@example.org,Modifier
168,1b34fd4f-52fc-4810-96cb-40bdf617f44e,Colin Pearson,colin.pearson@example.org,Contributor
169,da74e1f1-6d96-4b35-8b50-c3cc9b738c20,Connor Hardy,connor.hardy@example.org,Contributor
170,b8b21bd2-f6d6-4ce0-9df6-80c7cd925405,Connor Holland,connor.holland@example.org,Owner
171,fc98adcd-01f9-4916-a47a-4b869862f757,Connor Russell,connor.russell@example.org,Contributor
172,3ece8d7b-388a-49f5-b429-76a330012143,Conor Berry,conor.berry@example.org,Contributor
173,27581eda-25e7-4f09-b4fb-c1700dc6d380,Conor Hewitt,conor.hewitt@example.org,Contributor
174,ee9bafef-3399-4a85-8e5b-3d150024387c,Conor Kelly,conor.kelly@example.org,Owner
175,0086e313-0cb5-4299-a4f8-5b6e0470321f,Craig Ellis,craig.ellis@example.org,Contributor
176,79987718-3862-4ba9-b74c-368d018859b6,Craig Flynn,craig.flynn@example.org,Owner
177,044c8699-d0b6-4e8d-bcc3-7ae6200cf959,Craig Gibbs,craig.gibbs@example.org,Owner
178,82459ef5-2b8c-41e9-924c-e85299fa625b,Craig King,craig.king@example.org,Modifier
179,fc2c4b8f-11dc-4193-b5d9-b1e861e58108,Craig Mills,craig.mills@example.org,Modifier
180,9d6bf8e5-9c1d-4b8a-baa8-4d2d299c83ef,Craig Ross,craig.ross@example.org,Owner
181,37594d17-5d60-4861-96b0-183a5cdcd3e1,Dale Lewis,dale.lewis@example.org,Modifier
182,ae3965d2-0bf3-45cd-98d6-60e52cd8de5f,Dale Mitchell,dale.mitchell@example.org,Contributor
183,81a3b69e-f85e-4477-b4bf-09756b042a18,Dale Scott,dale.scott@example.org,Contributor
184,57e3d222-502c-47c0-bf36-e7b66e7a84df,Dale Young,dale.young@example.org,Owner
185,18165f23-88e4-4884-978a-32f6a2ef18e1,Damian George,damian.george@example.org,Contributor
186,061d6191-b2fc-4231-b174-355168745ffd,Damian Mason,damian.mason@example.org,Contributor
187,3fb34321-bd85-4511-93a7-5290d7f3355e,Damian Williams,damian.williams@example.org,Contributor
188,0ae2dd51-e76f-4b28-8c3e-7e7a4aced190,Damien Byrne,damien.byrne@example.org,Owner
189,a5f15682-b715-4fcb-850a-aeeb32f3c36e,Daniel Griffiths,daniel.griffiths@example.org,Contributor
190,70b0b1f8-42d9-4285-8fe9-ceee2bca3343,Daniel Peacock,daniel.peacock@example.org,Contributor
191,bc998bf6-d9aa-4272-9db4-248d62bef77e,Danielle Higgins,danielle.higgins@example.org,Owner
192,806f8110-e071-42ec-aad6-6704fc4f43a8,Darren Steele,darren.steele@example.org,Modifier
193,6081e9a4-a98a-4d14-9c89-6f4e66aae09c,David Burns,david.burns@example.org,Owner
194,502e886b-3df1-402c-83bc-aa3607da536e,David Sullivan,david.sullivan@example.org,Contributor
195,7a2954fc-0ade-4bb3-b866-5bac67c6706d,David Walker,david.walker@example.org,Contributor
196,b1178c40-5c99-43df-ac6f-916b27e8c949,Dawn Clark,dawn.clark@example.org,Owner
197,9326220b-448a-405f-bc2f-732ddc1dd29b,Dawn Wong,dawn.wong@example.org,Contributor
198,bf499b66-c9ee-4a59-af32-9e605eae6255,Dean Bell,dean.bell@example.org,Contributor
199,dd14d8a5-c72e-46a1-b23c-509c987f3462,Dean Humphries,dean.humphries@example.org,Owner
200,9638d082-71da-430e-a024-a26c8c0827ba,Deborah Kelly,deborah.kelly@example.org,Contributor
201,f87e4e4d-5ac8-4785-9613-6c127849612e,Deborah Russell,deborah.russell@example.org,Contributor
202,6cc31c1d-f7db-4afd-8fcf-ca16b998728f,Debra Hill,debra.hill@example.org,Modifier
203,7b99cc65-3b3e-424d-a90f-8bb5f4f4b187,Debra Parkinson,debra.parkinson@example.org,Owner
204,30ab1673-27d5-4c47-9d43-e507367b9f0b,Debra Russell,debra.russell@example.org,Owner
205,8e980412-5eb9-4520-a5bf-10b8342c0cc4,Debra Stevens,debra.stevens@example.org,Contributor
206,b80af6e9-324f-4cbe-b5d4-4b56c8eef64a,Declan Bell,declan.bell@example.org,Modifier
207,7c11a8f9-5dcc-41db-96a9-ae0b6d13c27a,Declan Clark,declan.clark@example.org,Contributor
208,f50d5be5-b50d-4f12-bb8e-a8ab1e622cf0,Declan Shah,declan.shah@example.org,Owner
209,f0eeed5d-b4bc-4004-b89d-e7ecfdc60ead,Denis Gregory,denis.gregory@example.org,Contributor
210,0d5b47aa-fd57-4f92-ba52-9155e965bf14,Denis Townsend,denis.townsend@example.org,Owner
211,0bdb635e-756a-4f0f-ba04-d37f6be97136,Denis Young,denis.young@example.org,Modifier
212,c90c3570-da99-4831-b0c9-a7bebfe6e803,Denise Andrews,denise.andrews@example.org,Owner
213,1486f040-2e96-4c4b-9af4-e73013573b75,Denise Godfrey,denise.godfrey@example.org,Owner
214,c4a42250-efcf-4e6b-8b20-5b0909d63d0a,Denise Hawkins,denise.hawkins@example.org,Owner
215,bb184f87-7019-496d-97b9-b2fe481e5ccd,Denise Porter,denise.porter@example.org,Contributor
216,7a3a45d0-4feb-453c-a157-8e98228c49a6,Denise Preston,denise.preston@example.org,Contributor
217,d62199f7-370e-4e07-bfea-1c08b4f0f08c,Denise Williams,denise.williams@example.org,Contributor
218,bdda38b5-4db9-4e84-befb-689ab263d41b,Derek Dunn,derek.dunn@example.org,Contributor
219,1507928c-25c6-43bd-a79e-95b2427edf38,Derek Kaur,derek.kaur@example.org,Modifier
220,6c96eaf7-acf5-43a9-a411-8cd8d1421e08,Derek Murray,derek.murray@example.org,Owner
221,9a967aaa-4405-481d-a63d-2e4fe37d5e09,Derek Quinn,derek.quinn@example.org,Contributor
222,193648c9-2154-4636-b417-58ef19d34abe,Derek Richards,derek.richards@example.org,Contributor
223,f55c4a06-140c-40be-b559-3d20fa6ec71b,Derek Wilson,derek.wilson@example.org,Owner
224,a7640d70-704b-4148-9dc4-695e66914320,Derek Wood,derek.wood@example.org,Modifier
225,6ca4a759-665f-4e9c-b05b-99236e84859b,Diana Burgess,diana.burgess@example.org,Modifier
226,a1738207-7385-4689-98d8-79a5de5baed2,Diana Gibson,diana.gibson@example.org,Owner
227,a80269db-314d-4940-8d16-626edf85b54e,Diane Green,diane.green@example.org,Owner
228,d3d338d4-1da5-4b19-af57-aa2993d49c93,Diane Heath,diane.heath@example.org,Contributor
229,c014fcb9-24c5-401c-a063-6e96258aacd5,Diane Ryan,diane.ryan@example.org,Owner
230,2f9f1dfe-964e-464f-bafc-3f4de02015f5,Donald Hope,donald.hope@example.org,Contributor
231,2de935fe-542d-42ce-a3e5-d9698c839548,Donald Tyler,donald.tyler@example.org,Owner
232,7152c02d-62f8-4209-91aa-be130c668c9d,Donna Allen,donna.allen@example.org,Contributor
233,23aae02c-2f61-46b1-975e-d8d73c8f97e0,Donna Cooke,donna.cooke@example.org,Contributor
234,5c0f2ba2-15ce-4810-91e4-b00c8270b896,Donna Wade,donna.wade@example.org,Contributor
235,5dfe860f-5a17-44dc-aaf7-7e071c79cd8d,Dorothy Adams,dorothy.adams@example.org,Contributor
236,e9b027b5-abef-46bb-8fe3-11d9d68dc523,Dorothy Dyer,dorothy.dyer@example.org,Contributor
237,73ac8d83-90b3-477c-824e-99c7d614c41e,Douglas Dodd,douglas.dodd@example.org,Owner
238,f1e7e3d0-ff70-4d8e-b47c-c51ad2a28e54,Douglas Palmer,douglas.palmer@example.org,Contributor
239,10354652-dea9-4f45-886a-f654b0d09ff3,Douglas Tyler,douglas.tyler@example.org,Owner
240,6743c4c1-8ae4-49b2-891e-8a2c557a4d5c,Duncan Gardiner,duncan.gardiner@example.org,Contributor
241,673b17e9-8b65-4101-b681-f30a1f7c318e,Duncan Myers,duncan.myers@example.org,Contributor
242,20cecb90-480c-4535-a7fd-1f44a2b379b5,Duncan White,duncan.white@example.org,Contributor
243,206f2883-72d6-486c-883e-117f13431d23,Duncan Wilson,duncan.wilson@example.org,Modifier
244,ad594677-e76d-49cf-8e64-4409548f60b5,Dylan Coles,dylan.coles@example.org,Contributor
245,93f092d4-407d-4682-b960-71a842264a2d,Dylan James,dylan.james@example.org,Contributor
246,83fd566a-ce4b-4f6a-a1ca-02b807991add,Dylan North,dylan.north@example.org,Owner
247,0b13e05b-d994-44b1-a15d-e55b3e1638f7,Dylan Rees,dylan.rees@example.org,Contributor
248,6c883248-6d97-4acf-8101-01d7a97fddfd,Dylan Vincent,dylan.vincent@example.org,Modifier
249,3e6f6fe2-6bf0-46a0-8951-9aa69216a765,Dylan Watts,dylan.watts@example.org,Contributor
250,3e1dd7ef-5215-46b1-94ff-087c72447394,Edward Hall,edward.hall@example.org,Owner
251,8a1ace95-6c8b-4588-bd3f-e915f0a2df89,Edward Harrison,edward.harrison@example.org,Contributor
252,78214e65-61b1-46e4-ba7f-6fbbc5a6bcc8,Edward Singh,edward.singh@example.org,Owner
253,8f798356-c7a5-4350-8c37-16d8efdbced0,Edward Smart,edward.smart@example.org,Owner
254,a0d54a9e-d9ca-4ac5-9410-0c165e4c3c1d,Edward Wilson,edward.wilson@example.org,Modifier
255,91470a60-9d22-4004-96b8-26e5aa76636e,Eileen Freeman,eileen.freeman@example.org,Owner
256,eeb3703c-2054-4bf3-8a97-82dbe6fc1d9a,Eileen Herbert,eileen.herbert@example.org,Modifier
257,a85082d5-19c4-4690-8d81-7e9662277c16,Eileen Holt,eileen.holt@example.org,Modifier
258,e91a148d-cf7d-42ce-b755-e3e67e203830,Elaine Cross,elaine.cross@example.org,Owner
259,4cb48a1f-7dd3-4d01-9369-8c9eec456f1d,Elaine Hancock,elaine.hancock@example.org,Modifier
260,2adece98-9f3d-4fdf-abc7-2a6e83b1bb6a,Elaine Jennings,elaine.jennings@example.org,Owner
261,35e714f5-5dcf-4270-be79-81e5dcc8231d,Elaine Nolan,elaine.nolan@example.org,Owner
262,ecd33d2c-a705-4600-ac87-2a2b91ba51d8,Eleanor Dawson,eleanor.dawson@example.org,Owner
263,1237273a-57e2-497a-9ba7-ba55b9448ea8,Eleanor Marshall,eleanor.marshall@example.org,Contributor
264,3bea685c-3ce9-4b75-9828-ad5f270d5697,Elizabeth Nicholls,elizabeth.nicholls@example.org,Modifier
265,df12bf70-ea95-48cb-8b1a-7d662622b364,Ellie Davis,ellie.davis@example.org,Contributor
266,5eb99565-ac0f-4246-bfdc-4c89e906bb46,Ellie Singh,ellie.singh@example.org,Contributor
267,ea2d2671-fd5c-4376-a0ed-1c488f23b999,Elliot Daly,elliot.daly@example.org,Owner
268,736b6bb2-ecc8-4899-9135-56643937c85b,Elliot Miah,elliot.miah@example.org,Modifier
269,460b02ca-af69-4167-893a-4628dcbe246e,Elliot Ryan,elliot.ryan@example.org,Contributor
270,e9f9836b-2fda-4dba-991b-f483632f5e75,Elliot Shah,elliot.shah@example.org,Owner
271,5c871853-1c01-4cc9-b829-7a03a8c30f8f,Elliott Collins,elliott.collins@example.org,Owner
272,73516dd8-5067-4344-8e7f-69ea9e190878,Elliott Robinson,elliott.robinson@example.org,Contributor
273,5904e2b3-2e32-48b9-8e91-8b01f8dd9407,Emily Brown,emily.brown@example.org,Contributor
274,3ae3fa49-a2dd-4727-a53e-decc439dc8d9,Emily Hudson,emily.hudson@example.org,Contributor
275,21a47adf-9dde-413c-bee0-ee448471b472,Emily Newton,emily.newton@example.org,Contributor
276,691bb684-54b0-415a-bfdf-6efa5fb48444,Emily Pollard,emily.pollard@example.org,Modifier
277,04d1c0cb-e990-420f-9757-47e219f351fd,Emma Allen,emma.allen@example.org,Contributor
278,03033052-83b6-4a02-8c35-e7ff7fe3bafa,Emma Bailey,emma.bailey@example.org,Owner
279,97cbbb6d-3de2-4b94-911f-d79363e48470,Emma Lewis,emma.lewis@example.org,Modifier
280,14097574-92c3-4f57-b7b1-2192e47b2638,Emma Miller,emma.miller@example.org,Contributor
281,436f7036-7ecd-4c6a-8108-3414fc616dbd,Fiona Fleming,fiona.fleming@example.org,Modifier
282,e2c98bca-c2f0-43c0-8b2a-17ae8cc34b80,Frances Archer,frances.archer@example.org,Contributor
283,5d3bbceb-7227-48f7-97de-4486304bba10,Frances Norton,frances.norton@example.org,Modifier
284,76e50ee6-5658-4eb2-b8b8-d59e224a54f7,Francesca Jones,francesca.jones@example.org,Contributor
285,0696b262-a157-42c6-9f9b-a4989717064a,Francesca Taylor,francesca.taylor@example.org,Contributor
286,e33b6248-5c27-4877-90e8-885fbf1249db,Francis Bradshaw,francis.bradshaw@example.org,Owner
287,2632c3bf-27b6-46e8-ba9c-243b64c081e1,Francis Patel,francis.patel@example.org,Contributor
288,84270585-4a4c-40a6-9982-c045d66a787f,Frank Burrows,frank.burrows@example.org,Owner
289,8a3e2e19-c613-4be8-9cae-9a8b65b2ecb0,Frank Potter,frank.potter@example.org,Contributor
290,1f3cca5e-b60f-4525-8053-99ab02dadcc4,Frank Smith,frank.smith@example.org,Owner
291,2cdddf03-0f84-4e1b-9383-ff03d3447d6b,Frederick Joyce,frederick.joyce@example.org,Modifier
292,e63b8f07-8d8c-4dfd-82fe-5fdcb8435af6,Frederick Leach,frederick.leach@example.org,Contributor
293,1ab21563-bdcc-4350-a78c-988c8bd23669,Frederick Rogers,frederick.rogers@example.org,Owner
294,d8cb5c93-406e-47fc-b44d-f310d83952e4,Frederick Singh,frederick.singh@example.org,Owner
295,1960ece6-7b1d-4dc5-b51e-1da8247e612c,Gail Marshall,gail.marshall@example.org,Contributor
296,4b41ac5c-d1f1-478c-9461-2bbf2d3ba791,Gareth Owen,gareth.owen@example.org,Owner
297,2c03b0bd-dfd2-4112-8b73-5fa606b7f56f,Gareth Thomas,gareth.thomas@example.org,Contributor
298,a63dda0c-0bd4-4040-a71a-bcfb53164fcd,Garry Brown,garry.brown@example.org,Modifier
299,dec89e10-56ed-4b35-8359-48c22bcd6d14,Garry Edwards,garry.edwards@example.org,Contributor
300,7f995317-88fe-48ca-9264-a5e3bffeef9e,Garry Walton,garry.walton@example.org,Owner
301,fd50f0b1-ca32-45f3-a6e6-4eeea9bef0da,Gary Gibbons,gary.gibbons@example.org,Contributor
302,943ba37f-b508-49dd-89db-bf6a7fc8c09e,Gary Holland,gary.holland@example.org,Contributor
303,7fced5fe-31c4-4ebe-93f9-adf70e8a1a67,Gary Khan,gary.khan@example.org,Contributor
304,f1ea9dc6-2ecb-4d77-b04b-9c86f871385d,Gary Williams,gary.williams@example.org,Contributor
305,8a0dd6d2-7403-4a91-8780-5a92b48537f3,Gary Wilson,gary.wilson@example.org,Owner
306,3f0eb384-e0b5-4a25-965f-cbc7d0e7ee30,Gavin Brown,gavin.brown@example.org,Modifier
307,9d6fcc17-2d58-40f6-8b0d-e84db1e5034a,Gavin Wilkinson,gavin.wilkinson@example.org,Contributor
308,ce62a344-6f6e-4624-ba51-86563ff63130,Gemma Bishop,gemma.bishop@example.org,Contributor
309,1443dcf9-609e-4e96-bec3-ffb7ff6dfc3d,Geoffrey Hughes,geoffrey.hughes@example.org,Contributor
310,6eb014bb-1efd-4239-9c22-c2b144ed9f07,George Williams,george.williams@example.org,Owner
311,8c576749-539e-4a96-8171-ec2c1ce47ce5,Georgia Leonard,georgia.leonard@example.org,Contributor
312,dd694d89-29c2-4d93-826e-b1cc1f2791ac,Georgia Thompson,georgia.thompson@example.org,Owner
313,7784f7d7-05d8-4c3f-a963-c4f14eec4d77,Georgina Allen,georgina.allen@example.org,Owner
314,f0e3901c-04f2-495b-b7b0-80c264929d74,Georgina Peters,georgina.peters@example.org,Contributor
315,1067ad82-a8bf-4f4f-ba3d-d63194f532c4,Georgina Taylor,georgina.taylor@example.org,Owner
316,c457555a-b449-4a80-bc5c-405ed4c88042,Gerald O'Neill,gerald.o'neill@example.org,Owner
317,32fc2e48-6f6e-41dd-8207-a3b50cb7030c,Gerard Pearson,gerard.pearson@example.org,Modifier
318,063b46c0-921d-447f-8b10-d6cec05d6556,Gillian Grant,gillian.grant@example.org,Modifier
319,71d2ac6f-a9b0-4724-b992-13086226d0d1,Gillian Johnson,gillian.johnson@example.org,Owner
320,eaffab2b-257e-417f-8cee-da76a7163f0f,Gillian King,gillian.king@example.org,Owner
321,1cbad523-4bde-472a-baae-34b9d0dff55d,Gillian Middleton,gillian.middleton@example.org,Contributor
322,9a2de0e3-a4f2-4cca-a852-87099c856b4c,Glen Murray,glen.murray@example.org,Contributor
323,6f74ecba-7680-43ca-929e-126407b3b7c6,Glen Russell,glen.russell@example.org,Contributor
324,142b1a34-4584-410c-86c6-0fa63b7b79f6,Glenn Evans,glenn.evans@example.org,Owner
325,9e434364-0d30-4cae-b840-7039d6d3b2d1,Gordon Stevens,gordon.stevens@example.org,Contributor
326,c2fc0f61-7621-40b1-aef8-6e944e14e6ea,Grace Hill,grace.hill@example.org,Contributor
327,259dfcb6-1ffc-4cc6-b749-cccaa5b0f5de,Grace Palmer,grace.palmer@example.org,Contributor
328,b3155532-6127-404a-bb3d-439f97ad7c8a,Grace Smith,grace.smith@example.org,Contributor
329,d51714d6-1111-4b42-8009-d12ffe8948aa,Graeme Bradshaw,graeme.bradshaw@example.org,Owner
330,10d283e0-4d09-4cb4-bc39-4b20eee8e0c2,Graham Davies,graham.davies@example.org,Owner
331,bdd497aa-9589-43f6-acdc-68280a16cca5,Graham Fox,graham.fox@example.org,Contributor
332,e39d81ba-3601-4c4d-84c6-28213ae40f14,Graham Richardson,graham.richardson@example.org,Contributor
333,d98363ce-219f-49af-8639-02cf685d5842,Gregory Holloway,gregory.holloway@example.org,Contributor
334,a2f1bc4d-fde6-48f3-bb47-2eeb5c5f43cd,Guy Doyle,guy.doyle@example.org,Modifier
335,002fba03-356c-44eb-8309-249c417ccd5f,Guy Elliott,guy.elliott@example.org,Modifier
336,e0c278b0-74cd-4bd6-9085-9d68060c3625,Guy King,guy.king@example.org,Owner
337,9dcc0087-f12e-4e0f-835c-de4430fe2d1c,Guy Stevens,guy.stevens@example.org,Contributor
338,26b3af4f-8130-4ed6-9002-04953ed5123b,Guy Walker,guy.walker@example.org,Owner
339,98e02988-4b47-42c5-8edd-1a95c1c65273,Hannah Kerr,hannah.kerr@example.org,Owner
340,23c91535-1de0-4d64-98d3-eaf1f5d66d71,Hannah Taylor,hannah.taylor@example.org,Contributor
341,8a6d3999-b90a-46c3-86c0-e295f91f0005,Hannah Welch,hannah.welch@example.org,Owner
342,f6afda9b-31f0-4bed-9b5b-5cfab43ea90f,Harriet Day,harriet.day@example.org,Contributor
343,34f46afa-af87-46ce-89be-250ba35e09bb,Harriet Harrison,harriet.harrison@example.org,Contributor
344,8812b90f-7fb7-4334-85a8-274765ddec81,Harriet Henderson,harriet.henderson@example.org,Owner
345,272ab398-f76d-440b-a0da-394b13c5d1a3,Harry Benson,harry.benson@example.org,Contributor
346,19cfefd6-24e8-4a21-85c1-e9b53e14a39d,Harry King,harry.king@example.org,Owner
347,c7fd9c01-68e9-4a1b-b44c-42ae44e5557e,Harry Waters,harry.waters@example.org,Contributor
348,33405077-3c79-4063-a363-fe6d8a580b61,Hayley Jones,hayley.jones@example.org,Modifier
349,9053ba73-50ae-47b3-b881-d6833e4ba792,Heather Parsons,heather.parsons@example.org,Owner
350,3221af08-e18e-4220-9eb9-9366334752c8,Helen Nash,helen.nash@example.org,Contributor
351,884ee061-43e9-47bc-8e45-45d0718392c0,Helen Read,helen.read@example.org,Contributor
352,20aac88e-bcc2-4ac6-bbb7-fca1db06174d,Henry Hunt,henry.hunt@example.org,Modifier
353,6e2ed169-b767-433b-9cc2-4dfc7c18795f,Henry Sanderson,henry.sanderson@example.org,Owner
354,a8027fac-26e5-44c7-ab0b-e614e8afa556,Henry Webb,henry.webb@example.org,Owner
355,95e5938c-d044-4921-b704-2d6db0e393e5,Hilary Hawkins,hilary.hawkins@example.org,Contributor
356,5e382947-df8d-4d74-94a5-332da950566d,Hilary Nelson,hilary.nelson@example.org,Contributor
357,c4737865-01cf-47a3-ae17-cb95a9846763,Hilary Wilson,hilary.wilson@example.org,Contributor
358,b8e8faca-2a56-45a6-a423-b2723125e640,Hollie Knight,hollie.knight@example.org,Owner
359,4b12e6cf-34dd-4717-9eb7-0e876d919367,Hollie Pearson,hollie.pearson@example.org,Owner
360,8acfb207-525f-4c57-bafe-c1e912e9d081,Holly Thornton,holly.thornton@example.org,Owner
361,21997f46-12a3-48af-905b-cdf94490c935,Holly Wilson,holly.wilson@example.org,Contributor
362,16df84f2-1cf3-4729-a2ff-1e46c76258cf,Holly Wright,holly.wright@example.org,Owner
363,03383b19-9240-4b3e-8411-29537a5881e2,Holly Wyatt,holly.wyatt@example.org,Owner
364,8a5e5bff-24ce-4f27-8aa6-cfe5025394a2,Howard Dunn,howard.dunn@example.org,Contributor
365,7bcfe2c7-e1b2-48b1-b483-1948538f2b5e,Hugh Byrne,hugh.byrne@example.org,Contributor
366,e7ef3468-37a5-4738-94d8-5362007dda52,Hugh Charlton,hugh.charlton@example.org,Owner
367,91a2ca47-51a1-442d-aac5-9fde4e686a6f,Hugh Kelly,hugh.kelly@example.org,Modifier
368,891b5725-5de5-4d8c-89ce-23740e8a7467,Hugh Patel,hugh.patel@example.org,Modifier
369,a02f70b3-4e08-4c13-a4ad-530a2f5d8a10,Hugh Shaw,hugh.shaw@example.org,Owner
370,19995928-036d-4ced-847d-eefd42a938cb,Hugh Tucker,hugh.tucker@example.org,Owner
371,1f043f43-d9fd-4884-aadc-036a518e002a,Iain Fox,iain.fox@example.org,Contributor
372,f68317d6-f018-49f9-b09e-f9bbe2057ea4,Iain Gould,iain.gould@example.org,Contributor
373,9a597b4d-d575-4c57-b65d-981ad5e39103,Ian Mason,ian.mason@example.org,Contributor
374,ff24f0d4-93a2-40d5-bb9c-ca0e111b89f7,Jack Dixon,jack.dixon@example.org,Contributor
375,8a2cc7d0-b021-4136-bbab-11501725045d,Jack Dodd,jack.dodd@example.org,Owner
376,5e03070a-a206-4080-889c-23f3cec59d2d,Jack Jones,jack.jones@example.org,Contributor
377,b9244c01-1f9b-4b80-9af7-7fda9f247128,Jack Woods,jack.woods@example.org,Owner
378,fd844068-4a03-4a60-8180-088f372c5516,Jacob Clark,jacob.clark@example.org,Modifier
379,ad8158bc-3135-4597-bcbb-2365d8011585,Jacob Frost,jacob.frost@example.org,Modifier
380,d07335b8-3e0f-4fbe-a495-29be0a36468e,Jacqueline Clayton,jacqueline.clayton@example.org,Owner
381,70f70a74-cfa1-4b77-b044-c6c1096c39cd,Jacqueline Roberts,jacqueline.roberts@example.org,Contributor
382,ab1cbf6a-df6d-4ce1-9983-b8c54f5216d5,Jake Johnson,jake.johnson@example.org,Contributor
383,d0f06154-98f3-484d-bd71-5d04e29767b4,Jake Nicholls,jake.nicholls@example.org,Owner
384,e37d7f36-ec8f-421a-b17f-7a5bc33234db,Jake Wilkinson,jake.wilkinson@example.org,Contributor
385,a8278e12-3394-4459-8f74-5a5e3d0cb417,Jake Wright,jake.wright@example.org,Contributor
386,674b47d9-7262-4b3d-b947-56f815d9cc36,James Farmer,james.farmer@example.org,Modifier
387,df51cab8-9d92-4325-ad7f-483f54b5c236,James Gibbs,james.gibbs@example.org,Contributor
388,989a5d42-71c1-4013-9544-cf0e691d9513,Jamie Ahmed,jamie.ahmed@example.org,Owner
389,13ed12b2-4578-4426-94a2-b368eec1ea7f,Jamie Murray,jamie.murray@example.org,Owner
390,ff23f124-c4a1-4242-a3ff-6e0bdd0cabb5,Jamie Owen,jamie.owen@example.org,Contributor
391,d77ecef1-52d0-4ed4-93a5-a64e75c1d215,Jamie Yates,jamie.yates@example.org,Contributor
392,70f0a21b-55de-4bfc-bef3-63ea89a0aace,Jane Goddard,jane.goddard@example.org,Contributor
393,241071ee-e689-4d7d-91d3-587ce2bd4d9b,Jane Greenwood,jane.greenwood@example.org,Contributor
394,cd187f85-9a92-49e8-8df5-9aa6f28343ed,Janet Jackson,janet.jackson@example.org,Owner
395,46b75411-b20b-4345-9ae6-aa0ca63838d4,Janet Turner,janet.turner@example.org,Contributor
396,c65a5d8e-a15a-4778-b264-ccf69d986a35,Janet Ward,janet.ward@example.org,Owner
397,3ad1ce8a-5ff5-4798-87ed-073924a37ade,Janet Williams,janet.williams@example.org,Contributor
398,ce090525-31c4-41cd-81fe-7b41079f7b94,Janice Adams,janice.adams@example.org,Contributor
399,d8a78a26-c2b8-40ad-99fa-4257db0507cf,Janice Chandler,janice.chandler@example.org,Contributor
400,432ea8d7-a154-42df-9a3c-64244de4ef4c,Janice Gregory,janice.gregory@example.org,Modifier
401,541d9e23-b386-4931-8bb5-dd2c6b1960d7,Janice Hewitt,janice.hewitt@example.org,Contributor
402,4acc918f-d626-4153-88a5-487fb18d92cc,Jasmine Brown,jasmine.brown@example.org,Owner
403,2fcde5bd-9515-4969-b07d-939317f128b3,Jasmine Freeman,jasmine.freeman@example.org,Modifier
404,48b26265-d5ad-4300-ad23-1ccce7c6fa66,Jasmine Sharpe,jasmine.sharpe@example.org,Contributor
405,996380f5-b92b-4236-8b1c-c41a49e9ec36,Jasmine Williams,jasmine.williams@example.org,Owner
406,6352a0e8-8937-4adc-a2b6-1cd38f1d9d4e,Jason Houghton,jason.houghton@example.org,Owner
407,2a5a23df-966b-4893-8474-a15b8ec8af1d,Jason Williams,jason.williams@example.org,Contributor
408,817ad86f-b776-46cd-a623-820f79145295,Jason Woods,jason.woods@example.org,Owner
409,7d7d9c8d-f3b5-48a3-b230-22eff9a5a4c8,Jayne Noble,jayne.noble@example.org,Modifier
410,f3228630-69f0-4b0b-9b8c-38d6d283037c,Jayne Short,jayne.short@example.org,Owner
411,9f10a31f-2513-4b94-ac29-6fa69964c0da,Jayne Wong,jayne.wong@example.org,Contributor
412,20132665-5eb1-4565-96f3-e1032f09b7aa,Jayne Young,jayne.young@example.org,Contributor
413,84906bb4-f368-4bb7-b589-706ea4c67cde,Jean Francis,jean.francis@example.org,Contributor
414,033ce32e-53e3-47af-8f5f-9d54076105c8,Jeffrey Byrne,jeffrey.byrne@example.org,Owner
415,203bffe0-3561-4d89-8a68-516389f72d74,Jeffrey Morgan,jeffrey.morgan@example.org,Contributor
416,25cfe4e5-89e1-49d4-a0df-dc5e60e177ab,Jenna Lawrence,jenna.lawrence@example.org,Owner
417,24c493e0-6302-4ab9-be22-3ef3dc709fe1,Jenna O'Brien,jenna.o'brien@example.org,Modifier
418,4b1f2272-8c8e-467e-8055-76d4b2c4ecad,Jennifer Hughes,jennifer.hughes@example.org,Contributor
419,29c29cbb-2070-4679-b1b0-fabe5cf487f9,Jennifer Lee,jennifer.lee@example.org,Contributor
420,ae99ca2a-3028-43ba-bda7-45cd3f9e405e,Jennifer Poole,jennifer.poole@example.org,Modifier
421,5f96528e-9465-446c-b8d4-6dee3ae7befe,Jennifer Ross,jennifer.ross@example.org,Owner
422,6f8b9cca-e676-4c31-8c38-22c3a98bf3ac,Jennifer Smith,jennifer.smith@example.org,Contributor
423,33ecf929-1b7d-4ea6-806f-8a7b177c07f8,Jennifer Williams,jennifer.williams@example.org,Owner
424,b5872812-5c2c-4b95-b84c-957b04f822da,Jeremy Howard,jeremy.howard@example.org,Contributor
425,72716b88-65ba-423c-b0d5-cab7123e6276,Jeremy White,jeremy.white@example.org,Owner
426,dba65e4a-546e-4288-b0dd-e26e1dd9ba2a,Jessica Chapman,jessica.chapman@example.org,Contributor
427,429ce7f1-c7f8-41f7-af63-ba9a4be666e9,Jessica Hunt,jessica.hunt@example.org,Owner
428,30ca8668-a973-458f-9b0b-f1f7b3452c53,Jessica O'Neill,jessica.o'neill@example.org,Contributor
429,95867304-76ea-41bc-bc5f-003584fcb7b8,Jessica Walker,jessica.walker@example.org,Owner
430,86134411-e9c0-48b0-bd75-4e8ff76072a3,Jessica Wilson,jessica.wilson@example.org,Contributor
431,300b955a-b260-4b4a-b374-f2deadc0b855,Joan Bibi,joan.bibi@example.org,Owner
432,c2f88f95-82d3-439d-98b1-6d6ed9adc7ad,Joan Hill,joan.hill@example.org,Contributor
433,c5036345-6623-4d80-934a-9700ada0cbf5,Joan Taylor,joan.taylor@example.org,Contributor
434,9ad6b004-8f04-49b0-afe0-2d4711b32c6c,Joanna Pearce,joanna.pearce@example.org,Owner
435,a2902a19-8130-42fc-9813-ca7c2894b5f5,Joanne Davis,joanne.davis@example.org,Contributor
436,c717ac03-b758-48aa-bb63-cd27fd0fab58,Joanne Gallagher,joanne.gallagher@example.org,Modifier
437,dbaff0c4-ea14-4fa7-8ba6-2595bc59bd29,Joanne George,joanne.george@example.org,Contributor
438,bfec1ebe-ce33-4a6e-9592-a1fd7452cb74,Joanne Patel,joanne.patel@example.org,Contributor
439,c351e0a3-99ef-483c-94fb-7fe14cf2b3a3,Joanne Phillips,joanne.phillips@example.org,Contributor
440,73ac39fe-0590-4e91-a71c-2f87fa7e450c,Joanne Williamson,joanne.williamson@example.org,Contributor
441,b54b9cd8-1656-4e41-a77a-933dbde33cb0,Jodie Lee,jodie.lee@example.org,Modifier
442,1e487b6f-dacd-4a2d-9346-66983bfea0d9,Joe Martin,joe.martin@example.org,Modifier
443,3ea40973-e74b-439e-b45b-8c56d272ce98,Joe Welch,joe.welch@example.org,Contributor
444,62c2c126-a35f-4a6a-a2c8-cf6814411799,Joel Brown,joel.brown@example.org,Owner
445,08348de7-1871-403c-9be4-e365cf3e5afc,Joel Dixon,joel.dixon@example.org,Contributor
446,baddab76-ddee-4be4-8ff2-31fd5577a479,Joel Foster,joel.foster@example.org,Contributor
447,b6f09023-a8be-45c6-b284-abebe310fc0e,Joel Macdonald,joel.macdonald@example.org,Owner
448,fff8e1b3-6161-42a4-82d2-d5f4d1f23069,Joel Mason,joel.mason@example.org,Contributor
449,a1958f2a-faff-439e-9929-d266451ab8d0,Joel Turnbull,joel.turnbull@example.org,Modifier
450,28e870d3-daa9-433d-a85a-31e178952ec0,Joel Turner,joel.turner@example.org,Modifier
451,1bbc2cb9-d209-4732-91d5-ae62f9029146,John Ali,john.ali@example.org,Owner
452,8e74d654-6a49-41c8-8c5b-e44257f07dc1,John Blake,john.blake@example.org,Modifier
453,3de187bf-ce93-4235-bc31-384a373baf96,John Simpson,john.simpson@example.org,Owner
454,d11f2f3f-130b-4032-a53a-13aab8c65551,Jonathan Jordan,jonathan.jordan@example.org,Owner
455,3a233a1c-25f9-4766-bf94-82fdc8498718,Jonathan Matthews,jonathan.matthews@example.org,Contributor
456,9de3dd53-1b3b-4c5b-aecf-ba7b6ff73e2e,Jonathan Morgan,jonathan.morgan@example.org,Modifier
457,bd2f36b6-f34d-4fce-be07-a8a25b30155a,Jordan Gilbert,jordan.gilbert@example.org,Owner
458,d056cbe6-3ada-41f0-a5e2-333db109f545,Jordan Jones,jordan.jones@example.org,Contributor
459,b623002d-4433-41fe-b49c-c1793f3422e6,Jordan Mitchell,jordan.mitchell@example.org,Contributor
460,b9db0173-f511-4f13-ae0b-d432fc442564,Joseph Brennan,joseph.brennan@example.org,Contributor
461,23d2d580-13fc-44bb-bba0-8a01583dccb1,Josephine Price,josephine.price@example.org,Owner
462,7843d695-d217-4ac8-b1fc-36dd7513d3c5,Josephine Robinson,josephine.robinson@example.org,Contributor
463,a133d675-d092-469e-b0f4-942110b2b90b,Joyce Chadwick,joyce.chadwick@example.org,Owner
464,9f9b59eb-6daf-40c0-95cd-987c4a3c7d0a,Joyce Ingram,joyce.ingram@example.org,Contributor
465,c363b226-6c13-4a46-bea4-32bbaa9f8dfe,Judith Bruce,judith.bruce@example.org,Owner
466,f8a4dd45-123c-4f45-ba2c-3fd7219dadde,Judith Cole,judith.cole@example.org,Contributor
467,f3a07cf1-ec27-4d4d-a4c2-3c31a1d107a9,Judith Lewis,judith.lewis@example.org,Contributor
468,316e9c0c-fe79-43e5-9e4c-c53b68969a5b,Julia Coles,julia.coles@example.org,Owner
469,3511aa46-50c1-479b-9c64-1467446469c7,Julia Jones,julia.jones@example.org,Contributor
470,14b126be-8016-4116-9fbc-6f148fae6830,Julia Newman,julia.newman@example.org,Contributor
471,a16511c2-513e-434f-a680-ac25a8ea9eeb,Julian Lee,julian.lee@example.org,Owner
472,24377683-b738-431b-a228-0368f32f2f6b,Julian Walker,julian.walker@example.org,Modifier
473,f6513ee5-a0b6-4dbc-a952-f4688c083525,Julie Edwards,julie.edwards@example.org,Owner
474,630f1758-496f-4399-8080-da7790761ce9,Julie Elliott,julie.elliott@example.org,Owner
475,12220236-91e2-493f-bbde-097bcc8339cc,Julie Ward,julie.ward@example.org,Modifier
476,39bc7655-89dc-4a01-a214-c102b233d015,Justin Hudson,justin.hudson@example.org,Owner
477,1df1b17f-c83e-4393-9b0e-9c6bc75a138a,Justin Jones,justin.jones@example.org,Owner
478,94ecf714-3b67-4f0d-b86b-5a806f10cbf5,Karen Hunt,karen.hunt@example.org,Owner
479,4227f369-6276-4405-9145-7cb683554f52,Karen Newton,karen.newton@example.org,Owner
480,ccb859fc-69da-4513-901f-52e4aa002b72,Karl Heath,karl.heath@example.org,Owner
481,a279294f-5a70-4727-8246-194b000021bb,Karl Holmes,karl.holmes@example.org,Owner
482,d0ad174a-0921-4484-baae-728c4c9c634b,Karl Smith,karl.smith@example.org,Modifier
483,729f996f-4b73-4bb4-8e65-95dcb3dce5fd,Karl Whitehouse,karl.whitehouse@example.org,Owner
484,39b503fb-8d04-4890-8e08-8e72a146daa0,Kate Ellis,kate.ellis@example.org,Owner
485,153f1ecd-3baf-49e6-ab50-198b084a9b07,Katherine Barber,katherine.barber@example.org,Contributor
486,d3c8059c-7f1c-4d30-b2df-826c22edbc09,Katherine Chapman,katherine.chapman@example.org,Owner
487,bb65ca6f-d8f3-40fc-bbaa-7909a029a527,Katherine Fleming,katherine.fleming@example.org,Owner
488,b4057509-6c7e-4102-a235-3643a8dad5a9,Katherine Turner,katherine.turner@example.org,Contributor
489,d072a731-2648-4c6c-9156-cdd3deb60c37,Kathleen Jones,kathleen.jones@example.org,Contributor
490,022064cd-fb20-4edb-84a7-7efb1a3246aa,Kathryn Kennedy,kathryn.kennedy@example.org,Modifier
491,b24f34a3-7a51-480d-983f-3b7915ed3616,Kathryn Lewis,kathryn.lewis@example.org,Owner
492,27e5c731-f1bd-4ee4-8b40-cdb842be39d0,Kathryn Wright,kathryn.wright@example.org,Contributor
493,d5443ec8-d5f4-4145-b51e-1428d73219d9,Katie Lewis,katie.lewis@example.org,Modifier
494,f0fdc357-b62e-4f1f-9a50-f60226e6529f,Katie Rice,katie.rice@example.org,Owner
495,650a2d85-64db-4e52-bce3-50d3efb91522,Katy Williams,katy.williams@example.org,Owner
496,ab4c9a1c-2bbd-4ae1-a28c-ef22b345b026,Kayleigh Hudson,kayleigh.hudson@example.org,Owner
497,5eced2a2-73da-429a-be90-bdc8e8a32385,Kelly Bray,kelly.bray@example.org,Owner
498,33b7d1de-e20b-41cd-9a64-55a29a4a06f5,Kenneth Wright,kenneth.wright@example.org,Contributor
499,9108283b-e2bb-45ba-b39d-9b3df5096e06,Kerry Potts,kerry.potts@example.org,Modifier
500,9bf9591e-ba5f-45c6-a13e-e80ea09d12dc,Kevin Campbell,kevin.campbell@example.org,Owner
501,a1872d11-48cb-47ae-98b4-9812f87a309a,Kevin Kaur,kevin.kaur@example.org,Contributor
502,b10028f3-5de5-41e3-b66d-621216747d65,Kevin Smith,kevin.smith@example.org,Owner
503,aeec921e-bcd4-4f0b-8c5c-8f5ef53e3af0,Kieran Gould,kieran.gould@example.org,Owner
504,5b4c968e-cf6d-4ee8-9982-fd592c7cf9a1,Kieran Smith,kieran.smith@example.org,Contributor
505,5458c61e-49d5-48ac-bce3-d769770a660f,Kim Wood,kim.wood@example.org,Contributor
506,61ece02b-c7dc-4e32-a24b-8c47017a4b6b,Kimberley French,kimberley.french@example.org,Contributor
507,0fc9caa5-c194-4d4b-9945-a3f196158702,Kimberley Khan,kimberley.khan@example.org,Contributor
508,7b899de1-0aa3-4c89-a024-3eaef2ba54e2,Kyle Nelson,kyle.nelson@example.org,Modifier
509,ee2eed56-f8be-498c-b3b6-d372e7313a67,Lauren Ryan,lauren.ryan@example.org,Owner
510,c1317f5b-6b76-4ead-9403-208890f99270,Lauren Wright,lauren.wright@example.org,Owner
511,4c985abc-a684-4232-bd17-2a1b0ccd622a,Lawrence Ahmed,lawrence.ahmed@example.org,Contributor
512,1515892a-c8aa-4867-b050-e8abdad7d686,Leah Holmes,leah.holmes@example.org,Owner
513,72afe093-4738-42e7-9c9d-596cef94ad60,Leah Holmes,leah.holmes@example.org,Owner
514,9759dd56-e8f8-4816-b7e1-8e016c688a25,Leah Kaur,leah.kaur@example.org,Contributor
515,eea72a6c-a326-4687-ae03-4001369df7d4,Leah Lewis,leah.lewis@example.org,Contributor
516,fc5e661a-0dab-4763-8ce5-76c0379c772c,Leah Nicholls,leah.nicholls@example.org,Modifier
517,2e49f015-8ce9-4384-950c-f7cac0a01ce2,Leanne Mitchell,leanne.mitchell@example.org,Owner
518,70116aaf-f456-41a0-b54b-156782611ba6,Leanne Poole,leanne.poole@example.org,Owner
519,b1cddb97-429b-49f1-bc7a-c23022dbdb85,Leanne Turner,leanne.turner@example.org,Owner
520,a0a1fecb-9041-4e6a-9b12-87b6eca579e1,Leanne Whittaker,leanne.whittaker@example.org,Contributor
521,9cdc77cf-125b-4531-b309-61936f8e991f,Lee Edwards,lee.edwards@example.org,Modifier
522,3f006725-29d2-48ee-8f5c-dd5cd22d94a1,Lee Rahman,lee.rahman@example.org,Contributor
523,e93da6a9-bffc-4aa7-a732-c2e47a253ad0,Leigh Mills,leigh.mills@example.org,Contributor
524,30c1a7dc-6670-45ae-86b4-ef7271232faa,Leigh Watson,leigh.watson@example.org,Contributor
525,30f9c2c6-49e5-4195-9160-cafa0f1ec29b,Leonard Clark,leonard.clark@example.org,Owner
526,f8c41766-6295-4091-9774-fb9b9a0fc14a,Leonard Walsh,leonard.walsh@example.org,Contributor
527,ad5bee66-c237-4337-aa75-c2c3b4703a49,Lesley Brennan,lesley.brennan@example.org,Contributor
528,4a03d0fc-d285-4d3b-a40d-c81343c59c8c,Lesley Brooks,lesley.brooks@example.org,Contributor
529,bf6f7de0-cc4e-4d13-89f4-4beb761ed91c,Lesley Shah,lesley.shah@example.org,Owner
530,a3b1e7a7-2ad7-4eb9-bb2c-a42284fe4921,Leslie Brown,leslie.brown@example.org,Modifier
531,4c78329d-db97-42ca-809e-6ead2d2aa1e6,Leslie Moss,leslie.moss@example.org,Owner
532,9e4c0e5e-59f3-4bbf-8602-1b9750c900b7,Leslie Roberts,leslie.roberts@example.org,Owner
533,276524e3-4606-4ead-b7b5-ec89061f1bc9,Lewis Watson,lewis.watson@example.org,Owner
534,7dcbc39d-b079-46bf-9cbf-77b4efd8f565,Liam Bates,liam.bates@example.org,Modifier
535,77fdd2e9-8d6e-4731-96a8-bec0dc849fff,Linda Dawson,linda.dawson@example.org,Modifier
536,72c747ce-7529-4bd7-b818-4663a1eae422,Linda Harvey,linda.harvey@example.org,Contributor
537,291a2b07-db71-40eb-bda3-80570b04f79a,Linda Hilton,linda.hilton@example.org,Contributor
538,7ce43a3d-0940-4e9a-919c-4a92cf76a26e,Linda Hope,linda.hope@example.org,Modifier
539,3a8b8df4-3fb5-438d-b845-7ed8c0a336b9,Linda Lambert,linda.lambert@example.org,Modifier
540,24bf86d1-2243-48ba-993d-133d0ec6d687,Linda Price,linda.price@example.org,Owner
541,db0d954d-6a29-4623-9ef5-7971f788944f,Linda Price,linda.price@example.org,Modifier
542,5f0b9001-e435-458a-9a2c-6df4e9eab4de,Linda Whitehouse,linda.whitehouse@example.org,Owner
543,3dc09f0a-37c4-459b-af71-22146ca5b5a8,Lindsey Booth,lindsey.booth@example.org,Owner
544,d039e0db-fa6e-4f64-ae6b-442f34016fff,Lindsey Hart,lindsey.hart@example.org,Owner
545,fec0b0d5-f340-4887-9664-ea7c3d15f7d9,Lisa Carr,lisa.carr@example.org,Owner
546,d3043650-33a6-42b9-9b88-65e553692350,Lisa Clarke,lisa.clarke@example.org,Contributor
547,857748e8-306a-48d7-b583-f893d69a7a04,Lisa Flynn,lisa.flynn@example.org,Contributor
548,164ec02d-0bbd-400a-af71-1faf6896ce04,Lisa Miller,lisa.miller@example.org,Owner
549,926f64a5-f9da-4a6d-b1fc-126629a8c6e1,Lorraine Burton,lorraine.burton@example.org,Modifier
550,d3101a87-cbe6-416e-b22c-3c801a75276f,Louis Hodgson,louis.hodgson@example.org,Modifier
551,ebd26fa2-a5c5-4e90-943d-2ddfdc4e3ba7,Louise Richardson,louise.richardson@example.org,Contributor
552,207894e0-4f65-4668-980f-a902e5a2cd8d,Lucy Harris,lucy.harris@example.org,Modifier
553,bf3d03d2-e534-4e3c-990e-3fbfc1ea475b,Lucy Martin,lucy.martin@example.org,Owner
554,0d3e0469-2969-4660-bf7d-b12ff0149f52,Lucy Pritchard,lucy.pritchard@example.org,Owner
555,eb278993-a337-4b34-a266-635c3ee9f936,Lucy Singh,lucy.singh@example.org,Contributor
556,efea48ce-77e8-4f30-a73b-dae8ef389379,Lucy Walton,lucy.walton@example.org,Contributor
557,487347bf-60fa-4534-a763-7c27e06a41db,Lucy Whitehouse,lucy.whitehouse@example.org,Contributor
558,cb1a62a7-9be5-4200-8dd1-c6d0857d67f6,Luke Peters,luke.peters@example.org,Owner
559,35dda502-9290-4457-8a52-905336d6d719,Lynda Bray,lynda.bray@example.org,Contributor
560,7839e4bc-fca1-4521-b8a8-3f698c364fa2,Lynn Reynolds,lynn.reynolds@example.org,Contributor
561,1960d1c9-afcb-4680-86b1-b6e25b7c834f,Lynn Wilson,lynn.wilson@example.org,Contributor
562,94916876-801e-49b0-8c28-e30a2450ba48,Lynne Giles,lynne.giles@example.org,Contributor
563,62606203-6057-4b79-a303-0402f36f64f6,Lynne Nicholls,lynne.nicholls@example.org,Owner
564,59d9b046-6dd0-47c2-ba10-cc0dd4da4c31,Lynne Shaw,lynne.shaw@example.org,Owner
565,d25d3803-dfa5-4059-bb94-af88f933f178,Malcolm Daniels,malcolm.daniels@example.org,Contributor
566,61058c90-56fe-4c52-82b3-d58872be763c,Malcolm Davies,malcolm.davies@example.org,Contributor
567,9ee43d3a-76d4-41c0-baad-8b92f696c099,Malcolm Fletcher,malcolm.fletcher@example.org,Contributor
568,cee1007d-128d-4342-95ec-8885c9b2ceae,Mandy Brady,mandy.brady@example.org,Modifier
569,c4a38d5e-f29b-4709-9b08-6ce8936fcf98,Mandy Brown,mandy.brown@example.org,Modifier
570,8dcee898-5bc2-4745-8a94-d17d4431e28f,Mandy Harding,mandy.harding@example.org,Contributor
571,0a41dcd7-cb4e-4791-87de-384a09e0fe88,Marc Morgan,marc.morgan@example.org,Contributor
572,92cefdf9-f987-4411-a9c0-06b4e1e73ca4,Marcus Webster,marcus.webster@example.org,Owner
573,18ae891b-6f3c-435d-9193-4ade6c7ffbde,Margaret Heath,margaret.heath@example.org,Owner
574,98e853ec-252c-4c48-946e-73f520ff0399,Margaret Howard,margaret.howard@example.org,Owner
575,ee1291f0-88cd-4d0e-a5d1-bf476886fed5,Maria Clark,maria.clark@example.org,Contributor
576,9a8922d1-33fd-4f91-acfe-6e4020162657,Maria Martin,maria.martin@example.org,Modifier
577,70585b46-e7a3-4d9e-90ec-5e5f92f44b0a,Marie Robinson,marie.robinson@example.org,Owner
578,2b5f97d0-668a-469f-a5c0-588803e538d8,Marie Sutton,marie.sutton@example.org,Contributor
579,5229d535-defa-4a83-b2a3-929ecd7a2923,Marie Williams,marie.williams@example.org,Contributor
580,10483df7-31f9-47bf-a0f0-064e08e038ac,Marilyn Davies,marilyn.davies@example.org,Owner
581,d94657a4-cbeb-4cd2-a651-baf011685c12,Marilyn Davis,marilyn.davis@example.org,Contributor
582,8344bfe2-d11a-496c-9521-d2c4d0c1a894,Marilyn Smith,marilyn.smith@example.org,Owner
583,52fd5836-2a59-43da-ace2-39529abb7587,Marilyn Stephens,marilyn.stephens@example.org,Owner
584,b8f60e5e-6412-487a-8395-8d5148b9415b,Marion Cox,marion.cox@example.org,Contributor
585,587caa75-b48d-476f-9b1e-0d90962d565a,Marion Jones,marion.jones@example.org,Modifier
586,d2aa9ffe-a474-4897-a86a-89d797c4b5a5,Marion Morris,marion.morris@example.org,Modifier
587,a269c427-82a3-4f6f-8505-d9e86f665991,Mark Parker,mark.parker@example.org,Contributor
588,2bf6be48-615d-435d-bf73-85a5c10efcfd,Mark Taylor,mark.taylor@example.org,Owner
589,800114dc-46f5-4f98-b656-6a4183ae3e22,Martin Howard,martin.howard@example.org,Contributor
590,323a17f9-d155-4bc8-b49f-cda0ab746fbb,Martin Robinson,martin.robinson@example.org,Contributor
591,ad699157-f809-4763-b08b-cb73b50689a8,Martin Sanders,martin.sanders@example.org,Owner
592,b3f59341-8af7-4809-8a49-34c54b76d32c,Mathew Jones,mathew.jones@example.org,Contributor
593,64411e5a-85e9-4ad2-b633-03212b981254,Mathew Nash,mathew.nash@example.org,Contributor
594,0d1fea73-d263-420f-9c58-1efbd85fa3ef,Matthew Brown,matthew.brown@example.org,Owner
595,33ccefa2-dac1-4da5-8189-7c7cb8934b16,Matthew Elliott,matthew.elliott@example.org,Owner
596,c584c3f6-cb98-4f3f-876f-c1eee0a1f372,Matthew Morris,matthew.morris@example.org,Owner
597,e1c18755-32fa-4d3b-b640-813346694699,Matthew O'Connor,matthew.o'connor@example.org,Contributor
598,0af6a9d1-abf9-4393-a9c9-388cd2115d97,Matthew Sanders,matthew.sanders@example.org,Owner
599,6688bce9-39cb-4916-bf8c-18e49cd5f846,Matthew Webster,matthew.webster@example.org,Owner
600,a338fd20-9fa6-427c-bbd1-d38090f19431,Maureen James,maureen.james@example.org,Owner
601,2937a12d-8366-4e5d-a9f8-a3057b7a4af3,Maureen King,maureen.king@example.org,Contributor
602,43e1c6e5-72e1-4dbc-9a89-7df47de02a3c,Maureen Patel,maureen.patel@example.org,Owner
603,e477ef08-8464-4d92-ae40-de5d5a2c0fc6,Maurice Jackson,maurice.jackson@example.org,Contributor
604,0cea86d6-e9a3-4cca-b878-86bad83ccf2c,Maurice Smith,maurice.smith@example.org,Modifier
605,ac723bb4-b9f2-4435-bb07-58d21f5d4bf4,Max Green,max.green@example.org,Modifier
606,6da4e0f6-7554-4e34-a6a5-fcdca85a3869,Megan Baker,megan.baker@example.org,Modifier
607,2df02ecf-a206-4c46-865b-ce83b28969c7,Melanie Saunders,melanie.saunders@example.org,Contributor
608,1e83d620-ea28-4982-927e-b3acd3bec6ee,Melissa Hutchinson,melissa.hutchinson@example.org,Owner
609,59a2eb99-57ab-451a-b72a-08535fef633d,Melissa Pratt,melissa.pratt@example.org,Owner
610,34332981-d00b-4e7f-8be5-9ecdfc5ec933,Melissa Walsh,melissa.walsh@example.org,Owner
611,42b8ad51-c933-4b1a-a493-8f5e7e2be96c,Melissa Winter,melissa.winter@example.org,Owner
612,7c6b246e-f68f-429c-9f06-f01ab7c934ee,Michael Giles,michael.giles@example.org,Contributor
613,7f598e65-0256-41a4-8016-436b42efc7b9,Michael Murray,michael.murray@example.org,Owner
614,703c2219-9f5f-4e3a-bdac-24decbbd18a3,Michelle Cox,michelle.cox@example.org,Owner
615,a6f2b184-ae35-4a5d-ac4b-366e9b1edd4c,Michelle Henry,michelle.henry@example.org,Contributor
616,023754e8-1eef-42e1-b39b-8da51379e2f9,Michelle Hill,michelle.hill@example.org,Owner
617,65ba838a-7f74-4c39-b6ef-23e7759e5c20,Mitchell Carey,mitchell.carey@example.org,Contributor
618,8c002b0a-0d4f-4520-a58e-fb019fb51283,Mitchell Lewis,mitchell.lewis@example.org,Owner
619,5c29d27e-600f-4014-b1f7-f4fbf17f7400,Mitchell Marshall,mitchell.marshall@example.org,Contributor
620,d1da352d-526d-4f65-8e31-08a57548de96,Mitchell Rice,mitchell.rice@example.org,Contributor
621,0b2afc2e-5f6a-41ea-8bdd-92adcd38c4ae,Mohamed Hardy,mohamed.hardy@example.org,Owner
622,e4af4240-5f75-4983-a5df-626c43f8ec41,Mohamed Nicholson,mohamed.nicholson@example.org,Contributor
623,de07ee0f-9cd2-438c-928a-8f8bff8eb8b1,Mohammad Burgess,mohammad.burgess@example.org,Contributor
624,69e02e68-539a-48d3-bb3f-faf0835e1fa5,Mohammad Crawford,mohammad.crawford@example.org,Contributor
625,51eca93c-f5dd-4c7e-b641-0890d02d9265,Mohammad Shaw,mohammad.shaw@example.org,Modifier
626,f1065abf-0843-426d-9a35-46e6e5373f50,Mohammed Ahmed,mohammed.ahmed@example.org,Owner
627,0ce9e089-40d5-41bb-8e69-1c474faa4096,Mohammed Evans,mohammed.evans@example.org,Contributor
628,216caa20-8dd9-43af-ae2b-78cd9b092f42,Mohammed Pearce,mohammed.pearce@example.org,Owner
629,5ee2fd83-81d3-49d1-b37d-e0ee542e4ef9,Molly Elliott,molly.elliott@example.org,Contributor
630,ea7027cd-65ca-47ac-95b2-e432a79d4404,Molly Gordon,molly.gordon@example.org,Modifier
631,7ce6ba50-6c33-4a58-b792-2feaf29fc951,Molly Russell,molly.russell@example.org,Contributor
632,8e7cbac7-ab75-471f-bd68-156a8b27fb09,Molly Stone,molly.stone@example.org,Contributor
633,37cbfb9b-237d-4298-853f-df9ba44f058a,Naomi Baker,naomi.baker@example.org,Contributor
634,bb65b3ee-5876-4f5b-abfe-c60f74a4369a,Natalie Bartlett,natalie.bartlett@example.org,Owner
635,01bad89b-c0da-43db-91ab-b8c38730e986,Natalie Burrows,natalie.burrows@example.org,Contributor
636,31e0ef2e-d8a3-4a3a-86f6-7724b49affdd,Natalie Morgan,natalie.morgan@example.org,Modifier
637,dbc7d489-21b1-40af-a6a3-33de4dbcb345,Natasha Watson,natasha.watson@example.org,Owner
638,f3f412a1-c55d-403d-a6e0-b500b9bb7d64,Nathan Gough,nathan.gough@example.org,Owner
639,8c4aaa5d-8d52-4a13-b011-0d83b9825cc3,Nathan Matthews,nathan.matthews@example.org,Owner
640,f4813ddb-8307-41c9-a6d4-98cf326e8906,Nathan Mitchell,nathan.mitchell@example.org,Contributor
641,358cd64d-efa9-42a9-8b56-05c69b9a7dbe,Nathan Wilkinson,nathan.wilkinson@example.org,Modifier
642,6bae410b-da94-448c-a02c-197422f2bc40,Neil Fisher,neil.fisher@example.org,Owner
643,86e77f01-6c2c-4e10-af3b-9ebb3c4cf376,Neil Hill,neil.hill@example.org,Modifier
644,e42a5f37-582f-4cf9-b328-22e2a41e5a11,Neil Jones,neil.jones@example.org,Owner
645,fe60172c-440e-4de4-b648-8baf8e291d01,Neil Parkinson,neil.parkinson@example.org,Contributor
646,f9ba88ab-f912-4b00-8483-489b8df1c24f,Nicola Ryan,nicola.ryan@example.org,Contributor
647,fdcdd676-843a-40db-b9ee-c0225026d386,Nicole Carter,nicole.carter@example.org,Owner
648,791ca5fc-2c26-4328-9e7f-88208974a54a,Nicole Morris,nicole.morris@example.org,Modifier
649,2b7a84d2-d405-472c-8025-a482a05f01ae,Nicole Walsh,nicole.walsh@example.org,Owner
650,41f46cc5-aee1-4894-abe0-a457290faf1d,Nigel Rose,nigel.rose@example.org,Owner
651,c1a17ed0-a150-4254-952f-10ddf0870d02,Nigel Smith,nigel.smith@example.org,Modifier
652,a0c84ae4-9114-40be-b075-8c779c1ce126,Nigel Watts,nigel.watts@example.org,Owner
653,88b13d55-7501-42bb-b071-685f88f97b0a,Norman Green,norman.green@example.org,Contributor
654,31cfe81c-e3ba-4c0c-a831-9e2578893ba7,Norman Newton,norman.newton@example.org,Owner
655,66c8c76d-0a07-44d2-8601-cc517d04570e,Oliver Davis,oliver.davis@example.org,Contributor
656,d9c49b0d-821e-4c5f-b847-4ec1a3f3cf30,Oliver Tomlinson,oliver.tomlinson@example.org,Owner
657,d56193b5-421d-4759-8be0-afe02f9b71a4,Oliver Wilkinson,oliver.wilkinson@example.org,Contributor
658,f68c4d3e-401f-4d07-9bcf-4ac5fbc15ae8,Oliver Wilkinson,oliver.wilkinson@example.org,Contributor
659,58d7b723-ac59-4c02-98ef-0f26266eca74,Olivia Jones,olivia.jones@example.org,Contributor
660,43216a2f-c2cf-459a-92ea-84ebc25f51ec,Owen Evans,owen.evans@example.org,Contributor
661,8aba3781-b20f-46b6-b2a1-8c50d325f0f6,Owen Hughes,owen.hughes@example.org,Contributor
662,706db57e-abe6-47a8-bed7-b5e165ee1363,Owen Shah,owen.shah@example.org,Contributor
663,a169be0b-087a-4985-9d17-d2520d58ea6f,Owen Stephenson,owen.stephenson@example.org,Modifier
664,315d022d-aa60-4857-9ccc-263aea76f1c7,Paige Brown,paige.brown@example.org,Owner
665,b5f453c5-59b8-4f98-a138-0486e162fd3c,Paige Gordon,paige.gordon@example.org,Contributor
666,95779b18-cf6b-4ea7-9cee-7a9188c6186e,Paige Greenwood,paige.greenwood@example.org,Owner
667,87529866-747a-4e01-9b08-b7aa4bc77a7e,Paige Jones,paige.jones@example.org,Owner
668,954a2cb9-6fbf-4291-bfc3-7489fd2ee4c3,Paige Marshall,paige.marshall@example.org,Modifier
669,6c98d179-429d-46d0-8d6e-1b22fd137069,Pamela Kent,pamela.kent@example.org,Owner
670,dbe653ac-acb5-4a75-8ab0-d1c85a4fbd0b,Patricia Blackburn,patricia.blackburn@example.org,Owner
671,2cea68e2-30a7-4f2d-9e4b-9f3f62df1d30,Patricia Walker,patricia.walker@example.org,Contributor
672,60ff12b4-0548-4e64-884b-8524fe08b67d,Patrick Parker,patrick.parker@example.org,Modifier
673,17766ca4-ae4a-4090-b6a6-e67f33f62b93,Patrick Webster,patrick.webster@example.org,Modifier
674,1f69a6b7-7afe-4f14-b6c8-c2a91f6b30b6,Patrick Young,patrick.young@example.org,Contributor
675,8b876377-8981-41c3-978c-b36ca2032054,Paul Alexander,paul.alexander@example.org,Contributor
676,26e97bf9-8f11-4cfd-aabc-692c854eab3a,Paul Henderson,paul.henderson@example.org,Modifier
677,1af14252-df0c-41f5-9e78-726166d0f44c,Paula Ali,paula.ali@example.org,Modifier
678,e402b4fa-254f-498b-8909-c3c1e186d288,Paula Dale,paula.dale@example.org,Contributor
679,9cd654ac-0df7-4c4b-a152-0229ef732792,Pauline Begum,pauline.begum@example.org,Contributor
680,ad3e5799-0112-4916-b1c2-19e38a83b4c0,Pauline Cooke,pauline.cooke@example.org,Owner
681,6b71d688-a9cf-43fc-990a-8bea98647935,Pauline Humphreys,pauline.humphreys@example.org,Owner
682,613d8487-62c3-4016-aa51-4299b8b17cd9,Peter Gordon,peter.gordon@example.org,Contributor
683,5eab1d96-3012-4a71-af38-918498777b80,Peter O'Donnell,peter.o'donnell@example.org,Owner
684,80b41461-501d-45c8-9d36-175834354917,Peter Porter,peter.porter@example.org,Contributor
685,5f516329-07e8-48fd-ad9d-79064fce2cff,Peter Potter,peter.potter@example.org,Modifier
686,f3fba617-2abb-4070-bdca-d7df36429e5e,Phillip Griffiths,phillip.griffiths@example.org,Owner
687,2123e7e9-802e-4350-8367-ce88ac1c4095,Phillip Hughes,phillip.hughes@example.org,Owner
688,f0726273-623b-40ae-a2bf-94b755997eb9,Phillip Ward,phillip.ward@example.org,Owner
689,f308d127-10d5-457c-bc9f-18e286fc5c52,Rachael Brown,rachael.brown@example.org,Contributor
690,7f4c7383-7484-47d9-899f-f8e0849d6da8,Rachel Clark,rachel.clark@example.org,Contributor
691,2dd7c461-f8ab-4601-843f-19849bde21c0,Rachel Kirk,rachel.kirk@example.org,Modifier
692,e41ec07c-40c0-4b1c-b412-6352e3911dd6,Rachel Roberts,rachel.roberts@example.org,Modifier
693,a4dafcae-1500-4326-a0ab-8253513bf455,Raymond White,raymond.white@example.org,Contributor
694,7b32266f-b20d-4d83-87c7-289c59f86948,Rhys Jones,rhys.jones@example.org,Contributor
695,c0458543-52fe-48d7-9ded-ba059dad7f57,Richard Owen,richard.owen@example.org,Contributor
696,4f5ab620-ec65-4d88-94ff-7341cb292b8f,Ricky Craig,ricky.craig@example.org,Owner
697,3e6ef1f6-4d36-490a-935b-6aaff9b76e1b,Ricky Morris,ricky.morris@example.org,Contributor
698,a16be0ac-1e9e-493b-9a93-a971ec67d9a5,Rita Collier,rita.collier@example.org,Owner
699,d8613e25-0702-4f65-abcf-4bc232a348cf,Rita Powell,rita.powell@example.org,Modifier
700,aa610ed6-9841-400e-8b09-6fdd11faa87e,Robert Watson,robert.watson@example.org,Modifier
701,03bbee2f-28da-4e75-99c1-b86461615dd5,Robin Davies,robin.davies@example.org,Contributor
702,418c8fe4-f08a-4921-8828-b106bc5ca5ed,Robin Flynn,robin.flynn@example.org,Modifier
703,838385f5-f5b2-435c-9d89-cd8f0f13e1b5,Robin Power,robin.power@example.org,Contributor
704,9b83f65d-b713-418b-9e7f-78774f42eaf2,Roger Bird,roger.bird@example.org,Owner
705,1760a0d0-6b4e-4537-8ab9-bc0569573ff4,Roger Mason,roger.mason@example.org,Owner
706,67519778-e4ac-43d5-8268-2c561abaed75,Roger Williams,roger.williams@example.org,Owner
707,2fe7363f-d555-4800-9d78-b821f517fcf5,Rosemary Marshall,rosemary.marshall@example.org,Contributor
708,077c3049-dfa1-422c-a5b9-4563db6ca69a,Rosie Foster,rosie.foster@example.org,Owner
709,aea82ef1-46bc-42c3-80b9-55919d8498fd,Rosie Mitchell,rosie.mitchell@example.org,Contributor
710,d4e04dbe-8038-4723-82cf-7681fd6c2801,Ross Bentley,ross.bentley@example.org,Owner
711,a1aa97e2-c5cb-4403-a511-a46ea7fe097b,Ross Bond,ross.bond@example.org,Contributor
712,3e5c0190-4335-4891-968c-4ce2bdd19378,Ross Parkinson,ross.parkinson@example.org,Modifier
713,905b9fc9-6221-42ba-8ad4-6ef1c374280f,Ross Roberts,ross.roberts@example.org,Modifier
714,355e9e35-980b-4c0e-9fee-c7b7f0a3f959,Ross Smith,ross.smith@example.org,Contributor
715,a6779b7b-e9ca-49ae-8eb1-9fd656f8d8c2,Roy Owen,roy.owen@example.org,Owner
716,fbcac041-3ff5-4763-81cd-bde59ac38936,Russell Bray,russell.bray@example.org,Contributor
717,3035a19a-9c95-47e4-9000-45b6008748ad,Russell Patel,russell.patel@example.org,Owner
718,6d8e6e61-c9ad-444e-88b0-40e8f7d28705,Ruth Barton,ruth.barton@example.org,Contributor
719,d5f468ee-8e85-45af-8325-ae9f19d7e358,Ruth May,ruth.may@example.org,Owner
720,d4d7c5b2-4e18-4f8e-9878-e6fcef8b5881,Ryan Barton,ryan.barton@example.org,Owner
721,d6a0bcca-702b-4eeb-bb7a-90ce5d92c4f9,Ryan Harrison,ryan.harrison@example.org,Contributor
722,e0b228f2-eb93-4ea8-b48e-32827168477f,Ryan Jones,ryan.jones@example.org,Contributor
723,a55768d7-a23a-4537-b19b-4a87bacf1af6,Ryan Lawson,ryan.lawson@example.org,Contributor
724,21ed4f5e-c6fe-4312-9ca2-ab0aa08a4a8b,Ryan Miller,ryan.miller@example.org,Contributor
725,7b0ac0dc-0b17-420a-8857-b1c6c7f62f36,Ryan Thomas,ryan.thomas@example.org,Contributor
726,96422224-4101-4a16-b56d-579b5bad255a,Sally Cooke,sally.cooke@example.org,Contributor
727,fcd6b4bb-3f4a-45c1-84ee-6dc8971331c1,Sally Jones,sally.jones@example.org,Contributor
728,c3e38cde-e643-4dd1-bb29-92ac7588500b,Sally Metcalfe,sally.metcalfe@example.org,Contributor
729,bd68ced5-0264-48c3-8f29-643450bf9607,Sally Richards,sally.richards@example.org,Owner
730,f92aa2cb-7b18-41f7-97c3-16736cb564fc,Sally Roberts,sally.roberts@example.org,Owner
731,a448a87e-dc48-425b-a4c4-fb24f4c06d3e,Sam Faulkner,sam.faulkner@example.org,Owner
732,2b73f75d-ce5a-4ddc-8d47-d90f57d29114,Sam Owen,sam.owen@example.org,Contributor
733,0891b485-b608-4738-965c-a2a2ac915370,Samuel Roberts,samuel.roberts@example.org,Owner
734,58a6f3e5-c749-4cfd-8253-a85985ede6e0,Sandra McCarthy,sandra.mccarthy@example.org,Owner
735,16563a90-2ac1-4016-b987-a640b8917a3c,Sara Ahmed,sara.ahmed@example.org,Modifier
736,dee6bb3c-5c17-4b97-8477-d7acefbb4494,Sara Hall,sara.hall@example.org,Contributor
737,0d89baf7-92ef-49e8-b7cc-72a7f31b8ca5,Sarah Clark,sarah.clark@example.org,Contributor
738,7deb42d0-a5e8-41b5-b5f7-762961825002,Sarah Shepherd,sarah.shepherd@example.org,Modifier
739,7cc1b48a-a581-45cb-9900-62c0e5bf6fa5,Scott Moore,scott.moore@example.org,Modifier
740,0035eeab-d914-4487-8223-3f6411bbfda6,Scott Morris,scott.morris@example.org,Owner
741,8970d58d-1003-44ad-9ce1-c2a5750420cf,Scott Stone,scott.stone@example.org,Owner
742,9052a015-6750-4939-8e41-4e39530bb322,Sean Barnett,sean.barnett@example.org,Contributor
743,51227aa6-f5a1-4a6e-a0bc-f6e4557726ac,Shane Jones,shane.jones@example.org,Contributor
744,ea08b8b0-c941-4203-a9ca-578172a69b41,Shane Matthews,shane.matthews@example.org,Modifier
745,ef52463f-a382-435f-8c38-3471b0d05b0e,Shane Moore,shane.moore@example.org,Owner
746,320845d1-ff78-4c47-949a-2a2c0a38fecc,Shane Price,shane.price@example.org,Owner
747,71ad2b2e-8193-4cc0-a6ed-7f9fc2a838b8,Shane Williams,shane.williams@example.org,Modifier
748,f393fd60-99f7-455b-a6df-63aa7d0ada01,Shane Williams,shane.williams@example.org,Contributor
749,dc566f0b-eddd-423b-91e9-cfff69798549,Shannon Curtis,shannon.curtis@example.org,Owner
750,f767dcdd-3d63-4750-a26d-c0ddbd5a6b5a,Shannon O'Brien,shannon.o'brien@example.org,Modifier
751,527a3ba9-ef54-4d08-8780-2a0f14df78ff,Shannon Walker,shannon.walker@example.org,Owner
752,737da73f-aa88-4b73-a509-e0615f339e4b,Sharon Roberts,sharon.roberts@example.org,Owner
753,ed06aa34-c62d-47be-bee2-3e246b7e9815,Sharon Saunders,sharon.saunders@example.org,Owner
754,6f65d83e-b59d-4a24-a38f-74267912458a,Shaun Smith,shaun.smith@example.org,Owner
755,b1b1ccea-f1ab-4170-b896-8f3be090efb9,Shaun Woods,shaun.woods@example.org,Contributor
756,1655c322-a4cb-4882-bc38-cbd3de46bec3,Sheila Fletcher,sheila.fletcher@example.org,Owner
757,4ca3d5a5-b6b7-4b53-91cc-26e62510e9fa,Sheila Hughes,sheila.hughes@example.org,Contributor
758,71b481d9-44af-4b13-bd0f-b62ac3ad448c,Shirley Page,shirley.page@example.org,Contributor
759,41e93007-5a4d-43a2-8a02-3e2394064076,Shirley Smith,shirley.smith@example.org,Contributor
760,756c94a0-6045-4a9b-bb11-a313482e6ef9,Sian Forster,sian.forster@example.org,Contributor
761,87b1fa83-f801-47c1-bda2-193cffaf447d,Sian George,sian.george@example.org,Owner
762,292ea093-2e08-4797-a976-ac10f5e8b2a7,Sian Humphreys,sian.humphreys@example.org,Owner
763,8b7a82eb-a5ce-4e19-8248-1685fceb71ca,Sian Reid,sian.reid@example.org,Modifier
764,8ed5b747-1c7c-4c8a-8963-22d303e55d5c,Simon Brown,simon.brown@example.org,Modifier
765,442c68c1-429f-44aa-b393-ff6962d23f88,Simon Dawson,simon.dawson@example.org,Contributor
766,355b486a-ff12-4146-b53f-73446e454f88,Sophie Farrell,sophie.farrell@example.org,Owner
767,510d2bba-4908-420d-869c-89248f60d587,Stacey Dobson,stacey.dobson@example.org,Owner
768,a17bd6de-840d-4041-bbca-18a401dbeeff,Stacey McDonald,stacey.mcdonald@example.org,Owner
769,bce5e69d-e49b-4ce1-8d17-61b589366771,Stanley Dickinson,stanley.dickinson@example.org,Modifier
770,c3fc6e70-1ae0-4861-83c2-414ebaa167ff,Stanley French,stanley.french@example.org,Contributor
771,942d99ff-1a65-428b-861f-ea8cd6ac829c,Stanley Hammond,stanley.hammond@example.org,Contributor
772,2adf6641-28e6-43b2-87de-45680fcabc11,Stanley Hussain,stanley.hussain@example.org,Owner
773,05d5047a-de7a-4c76-9c03-ea415e9431ad,Stanley Richards,stanley.richards@example.org,Contributor
774,96aaac34-8908-4754-b408-6f746a3c02d9,Stephanie Johnson,stephanie.johnson@example.org,Owner
775,dbe6f233-6f01-4a21-8e72-a58bea978904,Stephanie Tyler,stephanie.tyler@example.org,Owner
776,a81435b3-02f7-4a34-a65c-341d5fd8071f,Stephen Akhtar,stephen.akhtar@example.org,Contributor
777,02027f10-bbed-4811-9f38-4159cbeb57a6,Stephen Barrett,stephen.barrett@example.org,Owner
778,67133180-0f7c-4fd2-baa2-35844fce0e84,Stephen Davies,stephen.davies@example.org,Contributor
779,2e2a7e6c-1c02-4f70-822f-9dfb0032d302,Stephen James,stephen.james@example.org,Modifier
780,34c69558-6ba1-4e7b-b412-15466a66ad1d,Steven Haynes,steven.haynes@example.org,Owner
781,dfcd03c7-9d44-4c5b-9364-15e565eed897,Stewart Ahmed,stewart.ahmed@example.org,Modifier
782,1fbdb307-19a4-44b1-bdc4-b24c9e60a566,Stewart Duffy,stewart.duffy@example.org,Modifier
783,c526335b-c444-4d5b-9220-70c4e7a4daa4,Stewart Jones,stewart.jones@example.org,Owner
784,e80695ad-ccc9-42e2-859c-76667ab5bd1a,Stewart Watson,stewart.watson@example.org,Owner
785,282aba69-a5c3-419b-a893-5315118d295f,Stewart Winter,stewart.winter@example.org,Contributor
786,fe5d7311-cc33-4e8d-873e-5ca6b88f2a29,Stuart Barlow,stuart.barlow@example.org,Contributor
787,b9e483a5-c5eb-428f-ae4e-03a16ecb72f7,Stuart Burton,stuart.burton@example.org,Contributor
788,b24822d1-dd4f-4a92-9943-2c354fac593a,Stuart Francis,stuart.francis@example.org,Contributor
789,0996d3f5-ea8b-4c24-a5ef-5618e00f0021,Stuart McCarthy,stuart.mccarthy@example.org,Owner
790,ebfcfbb7-b2cb-4fd1-bf25-24e584a105e6,Susan Davies,susan.davies@example.org,Owner
791,87a1f3f5-6da3-4d5a-b9bf-c038abc23b4e,Susan Sanderson,susan.sanderson@example.org,Owner
792,8d831357-0367-4e25-926a-6a5468563a03,Susan Williams,susan.williams@example.org,Modifier
793,53dd048a-4458-431c-a3d1-c2660e770eb2,Suzanne Jackson,suzanne.jackson@example.org,Owner
794,482b0a55-eaa2-4e51-9a50-711bddd214c0,Suzanne Taylor,suzanne.taylor@example.org,Contributor
795,c2437c47-53bb-482b-ac85-2fa52f268eca,Terence Freeman,terence.freeman@example.org,Contributor
796,51f120d8-0999-40b7-bcec-8c8285b16e1b,Terence Jones,terence.jones@example.org,Owner
797,c493e1c5-b7fa-42c3-8b12-efec29fe17dd,Terence Morley,terence.morley@example.org,Contributor
798,d0a3cf19-b5e7-410c-92e0-7d48eca76c13,Terence Patel,terence.patel@example.org,Modifier
799,ed6ca077-6c1a-4071-b8d2-9c0b6882aaec,Teresa Atkinson,teresa.atkinson@example.org,Contributor
800,6677ebcd-ac7f-438a-8646-dc63b39dd97f,Terry Allen,terry.allen@example.org,Contributor
801,057e9eca-bf5b-4f9b-bb81-b3c6f8fa66a2,Terry Carpenter,terry.carpenter@example.org,Owner
802,a80ee56b-095d-4007-b1c1-462360f23e6a,Terry Jackson,terry.jackson@example.org,Contributor
803,b6d6322d-9309-4a60-a25c-701c0ca9421a,Thomas Griffin,thomas.griffin@example.org,Contributor
804,8132baf0-9c13-4bca-a637-de4ebc7b44d5,Thomas Townsend,thomas.townsend@example.org,Contributor
805,9104fb9b-f012-48bd-bf0f-1e910cb09ea0,Thomas Williams,thomas.williams@example.org,Contributor
806,6e3a7b5d-a3b6-4dd2-9cff-79b543d30248,Tina Green,tina.green@example.org,Contributor
807,9b2b64c5-eaf4-4805-a43c-ab90a094881d,Tina Miller,tina.miller@example.org,Owner
808,d50440ba-a755-48b3-91e4-c50a4924ec5f,Tom Macdonald,tom.macdonald@example.org,Owner
809,5d802080-7055-4762-991a-5405a612aab9,Tom Newton,tom.newton@example.org,Owner
810,6eb209fc-1cdb-4d66-aebf-3c2393174e5f,Tom Pritchard,tom.pritchard@example.org,Contributor
811,b048099f-f6f3-4367-9dad-46ecc6be0386,Tony Ferguson,tony.ferguson@example.org,Contributor
812,e9c63ad1-77b5-4c07-af02-90f4bfbbfe92,Tony Knowles,tony.knowles@example.org,Contributor
813,a4e15bc3-7d7d-428d-8c4d-ae7197ddf860,Tracey Smith,tracey.smith@example.org,Modifier
814,ede0a7f0-eb3f-4195-95f0-a0fa963a1723,Tracy Taylor,tracy.taylor@example.org,Contributor
815,bb72851e-9b44-4ee5-a236-dd9764519f0a,Trevor Chandler,trevor.chandler@example.org,Modifier
816,8e19cd54-4e86-491a-89d8-864d258319c9,Trevor Holmes,trevor.holmes@example.org,Modifier
817,881545a0-c5ce-4f5a-af41-e79d503d7a1b,Valerie Edwards,valerie.edwards@example.org,Contributor
818,a93872f7-6a09-4977-909c-3f3fc29ec72e,Valerie Williams,valerie.williams@example.org,Contributor
819,c166e6ae-7ebe-47cc-b5ad-5940af09f391,Vanessa Morton,vanessa.morton@example.org,Owner
820,2b4bd065-dafc-46d1-a5c2-050c93ad9373,Vanessa Richards,vanessa.richards@example.org,Contributor
821,64e26add-548c-4784-9211-cf8715a4cd0a,Vanessa Richardson,vanessa.richardson@example.org,Owner
822,aa91f8ae-cf82-4dd8-a77c-50c789033866,Vanessa Sutton,vanessa.sutton@example.org,Owner
823,c8595e89-c406-4f4c-87fe-e8f7d51da819,Vanessa Young,vanessa.young@example.org,Contributor
824,21ad308e-8bd0-47f6-bd18-44ee2ecd2fc3,Victor Miah,victor.miah@example.org,Contributor
825,008861eb-f81d-48f4-ab19-2ebe446f32a4,Victor Newman,victor.newman@example.org,Contributor
826,2f80bff9-8caa-4e00-92eb-63de2c5a0d6e,Victor Quinn,victor.quinn@example.org,Owner
827,4e74fd0b-b46a-445d-bac1-99d4d3e51a47,Victor Shaw,victor.shaw@example.org,Owner
828,1404c61f-3c57-4433-bc4b-606694672f5f,Victoria Atkinson,victoria.atkinson@example.org,Modifier
829,00ae51dd-c61c-458b-ab5e-86a689d2f12e,Victoria Knight,victoria.knight@example.org,Owner
830,1da5afa8-f8a2-42e8-ab5b-886981bc66f6,Victoria Williams,victoria.williams@example.org,Owner
831,8b330c7d-852e-4baa-a3db-0f5024f64502,Vincent Wilkinson,vincent.wilkinson@example.org,Contributor
832,62d09b37-f964-4361-b7d8-d25b17eb5b7f,Wayne Richardson,wayne.richardson@example.org,Owner
833,b984c191-30cf-4b70-9c47-ab550490939e,Wayne Williams,wayne.williams@example.org,Contributor
834,b051d43c-9d93-40df-ae9b-bccfaee68ce1,Wendy Banks,wendy.banks@example.org,Owner
835,af623c69-4fed-467b-84dd-8295634cfeda,Wendy Fox,wendy.fox@example.org,Contributor
836,3b947b3b-1da9-4b0c-b2a0-4df27440d488,Wendy Jackson,wendy.jackson@example.org,Owner
837,04bf985f-cb8a-4653-b237-e0514ab48344,Wendy Jones,wendy.jones@example.org,Modifier
838,434cf3b8-6a30-437f-9a81-efe91d4b6de3,William O'Sullivan,william.o'sullivan@example.org,Owner
839,32fad794-2f8a-43e3-a763-58c59c0c1905,Yvonne Harris,yvonne.harris@example.org,Owner
840,28684cba-21e6-47fb-bba9-7709141a21e4,Yvonne Kent,yvonne.kent@example.org,Modifier
841,0de10e35-2e37-4c91-8ac0-7a5c0d6ae5a0,Yvonne Smith,yvonne.smith@example.org,Owner
842,1ee66df8-0843-4359-b6d8-28d171443840,Zoe Brooks,zoe.brooks@example.org,Modifier
843,946682c5-bb22-4be9-8e64-ec8781b9d1b7,Zoe Mason,zoe.mason@example.org,Modifier
844,f9a5ab8d-5832-425c-9e38-5e4fad0e2a5a,Zoe Moore,zoe.moore@example.org,Contributor
845,cdb92e82-4af8-4395-92e0-63d77f1e68a7,Zoe Payne,zoe.payne@example.org,Contributor
